0,-0.0025270760525017977,0
50,0.013492004945874214,0.05877852067351341
100,0.00884553138166666,0.09510564059019089
150,0.009496311657130718,0.09510566294193268
200,0.06558560580015182,0.0587785504758358
250,0.08635595440864563,8.171662813083458e-08
300,0.05470234900712967,-0.05877850577235222
350,0.020879196003079414,-0.09510564059019089
400,-0.061833254992961884,-0.09510567039251328
450,-0.05216488987207413,-0.058778584003448486
500,-0.07276877760887146,-9.536743306171047e-08
550,-0.051395636051893234,0.05877847224473953
600,-0.023716213181614876,0.0951056256890297
650,0.030556293204426765,0.09510569274425507
700,0.06546509265899658,0.058778610080480576
750,0.060265541076660156,1.838257048802916e-07
800,0.054546765983104706,-0.058778442442417145
850,-0.0042331768199801445,-0.09510563313961029
900,-0.027055904269218445,-0.09510570019483566
950,-0.029080409556627274,-0.05877862498164177
1000,-0.07076546549797058,-1.9073486612342094e-07
1050,-0.06265763193368912,0.058778394013643265
1100,-0.03243514522910118,0.0951056107878685
1150,0.032096017152071,0.09510571509599686
1200,0.0618869811296463,0.058778684586286545
1250,0.06883340328931808,1.838257048802916e-07
1300,0.06973375380039215,-0.05877836421132088
1350,0.0072934990748763084,-0.0951056033372879
1400,-0.01544523797929287,-0.09510570019483566
1450,-0.06279134750366211,-0.05877862498164177
1500,-0.08480332791805267,-2.8610230629055877e-07
1550,-0.06248467043042183,0.058778315782547
1600,-0.022994207218289375,0.09510558098554611
1650,0.022087138146162033,0.09510571509599686
1700,0.07369615137577057,0.058778684586286545
1750,0.09097644686698914,3.6494299138212227e-07
1800,0.04225127771496773,-0.05877828598022461
1850,0.004854442086070776,-0.09510557353496552
1900,-0.04416370019316673,-0.09510572999715805
1950,-0.05788661539554596,-0.05877870321273804
2000,-0.06923741847276688,-3.814697322468419e-07
2050,-0.04394805058836937,0.05877823755145073
2100,-0.019248584285378456,0.09510555118322372
2150,0.0256324652582407,0.09510575234889984
2200,0.046140093356370926,0.05877876281738281
2250,0.06922128051519394,2.666094758296822e-07
2300,0.06497183442115784,-0.05877820774912834
2350,0.023698383942246437,-0.09510554373264313
2400,-0.02424450032413006,-0.09510575979948044
2450,-0.0791865810751915,-0.05877877399325371
2500,-0.07552149891853333,-2.8610230629055877e-07
2550,-0.037923336029052734,0.05877816304564476
2600,-0.022130770608782768,0.09510552138090134
2650,0.05173841863870621,0.09510578960180283
2700,0.04401017725467682,0.05877884104847908
2750,0.08558260649442673,3.6494299138212227e-07
2800,0.0417868010699749,-0.05877828598022461
2850,0.012855115346610546,-0.09510557353496552
2900,-0.046023860573768616,-0.09510572999715805
2950,-0.08991090208292007,-0.05877900868654251
3000,-0.07762271165847778,-5.722046125811175e-07
3050,-0.05425337702035904,0.05877808481454849
3100,0.004096693824976683,0.09510549157857895
3150,0.03777904063463211,0.09510581195354462
3200,0.06672010570764542,0.05877891182899475
3250,0.06634370982646942,4.477270465486072e-07
3300,0.06619539111852646,-0.05877820774912834
3350,0.02771039493381977,-0.09510554373264313
3400,-0.03615513816475868,-0.09510575979948044
3450,-0.06783582270145416,-0.05877877399325371
3500,-0.08683044463396072,-6.675720101156912e-07
3550,-0.060508325695991516,0.058778006583452225
3600,-0.022845927625894547,0.09510546177625656
3650,0.03743487596511841,0.09510583430528641
3700,0.06373842805624008,0.05877899006009102
3750,0.06852380931377411,5.498368409462273e-07
3800,0.06171015650033951,-0.05877813324332237
3850,0.02294391393661499,-0.09510552138090134
3900,-0.03220142051577568,-0.09510578960180283
3950,-0.0645199567079544,-0.058778852224349976
4000,-0.08233322948217392,-7.629394644936838e-07
4050,-0.06214204803109169,0.05877792835235596
4100,-0.004801209084689617,0.09510543197393417
4150,0.047336433082818985,0.09510587155818939
4200,0.050381120294332504,0.05877905711531639
4250,0.0771072506904602,6.712722893098544e-07
4300,0.042882200330495834,-0.058778055012226105
4350,0.021342549473047256,-0.09510548412799835
4400,-0.04443076252937317,-0.09510581940412521
4450,-0.041018202900886536,-0.05877893045544624
4500,-0.07573791593313217,-4.76837158203125e-07
4550,-0.05451344698667526,0.05877785012125969
4600,-0.01506718061864376,0.09510540217161179
4650,0.025224575772881508,0.09510590136051178
4700,0.06116341054439545,0.05877913162112236
4750,0.07167324423789978,7.309556053769484e-07
4800,0.049799595028162,-0.05877798795700073
4850,0.008452415466308594,-0.09510545432567596
4900,-0.016408458352088928,-0.0951058492064476
4950,-0.06708600372076035,-0.05877900868654251
5000,-0.07215114682912827,-5.722046125811175e-07
5050,-0.05301159247756004,0.05877808481454849
5100,-0.028936540707945824,0.0951053723692894
5150,0.04297696053981781,0.09510592371225357
5200,0.07482357323169708,0.05877920985221863
5250,0.07148878276348114,8.13740371086169e-07
5300,0.049888841807842255,-0.05877789855003357
5350,0.007277626544237137,-0.09510543197393417
5400,-0.047128498554229736,-0.09510587900876999
5450,-0.07579180598258972,-0.05877908691763878
5500,-0.07570359110832214,-6.675720101156912e-07
5550,-0.05868524685502052,0.058778006583452225
5600,0.007408414967358112,0.09510546177625656
5650,0.03166482225060463,0.09510583430528641
5700,0.07490924745798111,0.05877899006009102
5750,0.1007559522986412,5.498368409462273e-07
5800,0.05329148471355438,-0.05877813324332237
5850,-0.0008572728256694973,-0.09510552138090134
5900,-0.05841531231999397,-0.09510602802038193
5950,-0.0460098497569561,-0.05877947434782982
6000,-0.07423347979784012,-1.144409225162235e-06
6050,-0.061566729098558426,0.058777619153261185
6100,-0.01679247058928013,0.09510531276464462
6150,0.033849623054265976,0.09510598331689835
6200,0.0453314334154129,0.05877937749028206
6250,0.08297880738973618,1.0372870065111783e-06
6300,0.05950847268104553,-0.05877774953842163
6350,0.026992063969373703,-0.0951053649187088
6400,-0.03709784895181656,-0.09510593116283417
6450,-0.08647837489843369,-0.058779239654541016
6500,-0.07827998697757721,-8.583069188716763e-07
6550,-0.03523435443639755,0.05877785012125969
6600,-0.020048145204782486,0.09510540217161179
6650,0.044812798500061035,0.09510590136051178
6700,0.057072918862104416,0.05877913162112236
6750,0.08980351686477661,7.309556053769484e-07
6800,0.05484599620103836,-0.05877798795700073
6850,0.013681811280548573,-0.09510545432567596
6900,-0.04411960020661354,-0.0951058492064476
6950,-0.07004948705434799,-0.058779627084732056
7000,-0.07661158591508865,-1.3351440202313825e-06
7050,-0.06267755478620529,0.05877746269106865
7100,-0.006854615639895201,0.09510525315999985
7150,0.03925524279475212,0.09510603547096252
7200,0.07236392050981522,0.058779533952474594
7250,0.07379405945539474,1.2028576747979969e-06
7300,0.07305815815925598,-0.058777596801519394
7350,0.00023621288710273802,-0.09510530531406403
7400,-0.04234446585178375,-0.09510599076747894
7450,-0.0562676377594471,-0.05877939611673355
7500,-0.07198615372180939,-1.0490417707842425e-06
7550,-0.05469841510057449,0.05877769738435745
7600,-0.019679414108395576,0.09510534256696701
7650,0.026916032657027245,0.09510596096515656
7700,0.06652097404003143,0.058779288083314896
7750,0.06965211778879166,9.38952155138395e-07
7800,0.05612116679549217,-0.0587778203189373
7850,0.024108629673719406,-0.09510540217161179
7900,-0.05016990005970001,-0.09510590881109238
7950,-0.06581015139818192,-0.05877916142344475
8000,-0.07877546548843384,-1.5258789289873675e-06
8050,-0.05471419170498848,0.05877731367945671
8100,0.009619141928851604,0.09510519355535507
8150,0.032750386744737625,0.0951060950756073
8200,0.06138050928711891,0.058779675513505936
8250,0.07315351814031601,1.4264057881518966e-06
8300,0.05467594414949417,-0.058777451515197754
8350,0.015111345797777176,-0.09510523825883865
8400,-0.03533799573779106,-0.09510605037212372
8450,-0.06185043603181839,-0.05877954885363579
8500,-0.07020619511604309,-1.2397766795402276e-06
8550,-0.04920598864555359,0.05877754092216492
8600,-0.023612871766090393,0.09510528296232224
8650,0.014973409473896027,0.09510601311922073
8700,0.0739348754286766,0.05877944454550743
8750,0.056967005133628845,1.1200722838111687e-06
8800,0.054669175297021866,-0.05877767130732536
8850,0.018340405076742172,-0.09510532766580582
8900,-0.03653087094426155,-0.09510596841573715
8950,-0.05269988998770714,-0.05877931788563728
9000,-0.07163476943969727,-9.5367431640625e-07
9050,-0.025368181988596916,0.05877777561545372
9100,-0.044573824852705,0.0951051339507103
9150,0.04004440829157829,0.09510616958141327
9200,0.05773685872554779,0.05877983197569847
9250,0.08962532132863998,1.5688765415688977e-06
9300,0.056605301797389984,-0.05877729877829552
9350,0.014460333622992039,-0.09510519355535507
9400,-0.03475658968091011,-0.0951061099767685
9450,-0.07184620946645737,-0.05877970531582832
9500,-0.07614364475011826,-1.430511474609375e-06
9550,-0.07386264950037003,0.05877738818526268
9600,0.007850497029721737,0.09510522335767746
9650,0.047460950911045074,0.09510607272386551
9700,0.053293295204639435,0.05877960845828056
9750,0.08113577216863632,1.3011932651352254e-06
9800,0.041870057582855225,-0.058777518570423126
9850,0.01739644445478916,-0.09510527551174164
9900,-0.05278041586279869,-0.09510602802038193
9950,-0.058931268751621246,-0.05877947434782982
10000,-0.07596167176961899,-1.144409225162235e-06
10050,-0.0611254945397377,0.058777619153261185
10100,-0.015089425258338451,0.09510531276464462
10150,0.03288108855485916,0.09510621428489685
10200,0.05474698916077614,0.05877998471260071
10250,0.0979718416929245,1.0372870065111783e-06
10300,0.07936826348304749,-0.05877714231610298
10350,0.020624488592147827,-0.0951053649187088
10400,-0.024734506383538246,-0.09510616958141327
10450,-0.0648932009935379,-0.058779239654541016
10500,-0.09401757270097733,-1.62124638336536e-06
10550,-0.05208195373415947,0.05877785012125969
10600,-0.0360453799366951,0.09510516375303268
10650,0.03447922319173813,0.09510590136051178
10700,0.043791498988866806,0.0587797537446022
10750,0.08432568609714508,2.2643375814368483e-06
10800,0.054929349571466446,-0.058777373284101486
10850,0.03400604799389839,-0.09510497003793716
10900,-0.03405331075191498,-0.0951060876250267
10950,-0.06918412446975708,-0.0587802417576313
11000,-0.07208599895238876,-1.3351440202313825e-06
11050,-0.04564157873392105,0.0587768517434597
11100,-0.01903856359422207,0.09510525315999985
11150,0.030519995838403702,0.09510628134012222
11200,0.049197327345609665,0.058779533952474594
11250,0.05146350339055061,1.9579995296226116e-06
11300,0.07589606940746307,-0.058777596801519394
11350,0.021709583699703217,-0.09510506689548492
11400,-0.04088462516665459,-0.09510599076747894
11450,-0.07025367766618729,-0.058780014514923096
11500,-0.08329614251852036,-1.0490417707842425e-06
11550,-0.025896362960338593,0.058777082711458206
11600,-0.013570168986916542,0.09510534256696701
11650,0.04106966033577919,0.09510619193315506
11700,0.06056768819689751,0.058779288083314896
11750,0.05742349848151207,1.6903140931390226e-06
11800,0.051987312734127045,-0.05877658724784851
11850,0.01443568430840969,-0.09510516375303268
11900,-0.05128323659300804,-0.09510637819766998
11950,-0.050564080476760864,-0.05877978354692459
12000,-0.06638968735933304,-2.28881845032447e-06
12050,-0.06839475780725479,0.05877731367945671
12100,0.0050955829210579395,0.09510495513677597
12150,0.06196059659123421,0.0951060950756073
12200,0.05844403803348541,0.05878030136227608
12250,0.0746171623468399,1.4264057881518966e-06
12300,0.03746969997882843,-0.058776821941137314
12350,0.009219897910952568,-0.09510523825883865
12400,-0.0371100939810276,-0.09510628879070282
12450,-0.038752395659685135,-0.05877954885363579
12500,-0.07537044584751129,-2.0027162008773303e-06
12550,-0.06384163349866867,0.05877754092216492
12600,-0.037314001470804214,0.09510504454374313
12650,0.0168295931071043,0.09510601311922073
12700,0.08551813662052155,0.05878007411956787
12750,0.07496755570173264,1.1200722838111687e-06
12800,0.062153078615665436,-0.05877705290913582
12850,0.018454469740390778,-0.09510485827922821
12900,-0.01766333542764187,-0.09510620683431625
12950,-0.06410659849643707,-0.058780550956726074
13000,-0.0794929563999176,-1.7166138377433526e-06
13050,-0.05731614679098129,0.05877653881907463
13100,-0.022622087970376015,0.0951051339507103
13150,0.03336653485894203,0.09510639309883118
13200,0.06357383728027344,0.05877983197569847
13250,0.07217986136674881,2.362675104450318e-06
13300,0.06172006204724312,-0.05877729877829552
13350,-0.0048048049211502075,-0.09510494768619537
13400,-0.02978559210896492,-0.0951061099767685
13450,-0.05791714787483215,-0.05878031998872757
13500,-0.056118205189704895,-1.430511474609375e-06
13550,-0.06373966485261917,0.058776773512363434
13600,-0.008275431580841541,0.09510522335767746
13650,0.02732321247458458,0.09510630369186401
13700,0.058673594146966934,0.05877960845828056
13750,0.08562686294317245,2.0794375359400874e-06
13800,0.048898205161094666,-0.058777518570423126
13850,0.01280277594923973,-0.09510504454374313
13900,-0.04881059378385544,-0.09510649740695953
13950,-0.07144169509410858,-0.058780085295438766
14000,-0.07298101484775543,-2.670288040462765e-06
14050,-0.055440500378608704,0.05877700448036194
14100,-0.0025622842367738485,0.09510483592748642
14150,0.015991702675819397,0.09510621428489685
14200,0.05544121563434601,0.058780599385499954
14250,0.09745501726865768,1.7924261328516877e-06
14300,0.0810483768582344,-0.05877651646733284
14350,-0.0023044038098305464,-0.0951051339507103
14400,-0.03904885798692703,-0.09510640799999237
14450,-0.07204257696866989,-0.05877986177802086
14500,-0.07016424834728241,-2.384185791015625e-06
14550,-0.053151898086071014,0.05877723917365074
14600,-0.009847888723015785,0.09510493278503418
14650,0.03918621689081192,0.09510613232851028
14700,0.05663519352674484,0.058780379593372345
14750,0.08829274028539658,1.5091917475729133e-06
14800,0.04732904210686684,-0.05877673253417015
14850,0.031867608428001404,-0.09510521590709686
14900,-0.039142776280641556,-0.09510631859302521
14950,-0.06418020278215408,-0.05878086015582085
15000,-0.08288051187992096,-2.098083541568485e-06
15050,-0.055950187146663666,0.05877622961997986
15100,-0.016048917546868324,0.09510502219200134
15150,0.02007305808365345,0.09510651230812073
15200,0.06599266082048416,0.05878014490008354
15250,0.058832574635744095,2.7518035494722426e-06
15300,0.06967361271381378,-0.05877697467803955
15350,0.03320694714784622,-0.09510483592748642
15400,-0.02447524107992649,-0.09510622918605804
15450,-0.07138007879257202,-0.05878062918782234
15500,-0.09749338775873184,-1.8119811784345075e-06
15550,-0.04479338973760605,0.05877646431326866
15600,-0.014011304825544357,0.09510510414838791
15650,0.03564565256237984,0.09510641545057297
15700,0.04993154853582382,0.05877990648150444
15750,0.05338480323553085,2.4454627691739006e-06
15800,0.07857011258602142,-0.05877722054719925
15850,0.023722002282738686,-0.09510492533445358
15900,-0.05661557987332344,-0.09510614722967148
15950,-0.04590145871043205,-0.05878039821982384
16000,-0.06660795211791992,-3.051757857974735e-06
16050,-0.060241587460041046,0.058776695281267166
16100,0.0035264035686850548,0.09510472416877747
16150,0.05278327688574791,0.0951063260436058
16200,0.0545426644384861,0.05878091976046562
16250,0.0671641081571579,2.158449206035584e-06
16300,0.04209822416305542,-0.05877620726823807
16350,0.0015474585816264153,-0.09510501474142075
16400,-0.032240647822618484,-0.09510651975870132
16450,-0.0752658024430275,-0.058780163526535034
16500,-0.05467008426785469,-2.765655608527595e-06
16550,-0.05852363258600235,0.05877692624926567
16600,-0.03530596196651459,0.09510481357574463
16650,0.030559392645955086,0.09510625898838043
16700,0.08274818956851959,0.05878067761659622
16750,0.07056061923503876,1.8752127743937308e-06
16800,0.056224893778562546,-0.05877643823623657
16850,0.02341868169605732,-0.09510510414838791
16900,-0.036107659339904785,-0.09510643780231476
16950,-0.06715784966945648,-0.05877993628382683
17000,-0.06548100709915161,-2.4795533590804553e-06
17050,-0.03452491760253906,0.058777160942554474
17100,-0.03287341445684433,0.09510490298271179
17150,0.03891975060105324,0.09510663896799088
17200,0.05548720061779022,0.05878045782446861
17250,0.0857456848025322,3.1178337849269155e-06
17300,0.0512525737285614,-0.058776676654815674
17350,-0.002633283380419016,-0.09510471671819687
17400,-0.03583748638629913,-0.0951063483953476
17450,-0.055489905178546906,-0.058780938386917114
17500,-0.06721644848585129,-2.19345088225964e-06
17550,-0.06732729822397232,0.05877615138888359
17600,-0.0021216245368123055,0.09510499238967896
17650,0.035005468875169754,0.09510654956102371
17700,0.05951078608632088,0.05878022313117981
17750,0.07314125448465347,2.8345918963168515e-06
17800,0.04879719391465187,-0.05877689644694328
17850,0.01832045428454876,-0.09510480612516403
17900,-0.040480706840753555,-0.09510625898838043
17950,-0.05534752830862999,-0.05878070741891861
18000,-0.07634284347295761,-1.9073486328125e-06
18050,-0.06600990146398544,0.058776386082172394
18100,-0.0013586153509095311,0.09510507434606552
18150,0.02017277292907238,0.09510645270347595
18200,0.06157461181282997,0.0587812177836895
18250,0.08836662769317627,2.547576286815456e-06
18300,0.07325007766485214,-0.05877590924501419
18350,-0.0007852904964238405,-0.0951048955321312
18400,-0.04215208441019058,-0.09510663896799088
18450,-0.06978152692317963,-0.058780472725629807
18500,-0.06149296462535858,-3.14712519866589e-06
18550,-0.03863201662898064,0.0587766170501709
18600,-0.014000453986227512,0.09510469436645508
18650,0.027014698833227158,0.09510637074708939
18700,0.048765696585178375,0.05878099799156189
18750,0.08639295399188995,2.2643375814368483e-06
18800,0.05220866575837135,-0.0587761290371418
18850,0.0077547477558255196,-0.09510497003793716
18900,-0.015414644964039326,-0.09510655701160431
18950,-0.08399862796068192,-0.0587802417576313
19000,-0.0700991153717041,-2.86102294921875e-06
19050,-0.05315867438912392,0.0587768517434597
19100,-0.008529352024197578,0.09510478377342224
19150,0.022749364376068115,0.09510628134012222
19200,0.06633496284484863,0.05878075584769249
19250,0.06254509091377258,3.5069676869170507e-06
19300,0.058353494852781296,-0.058776360005140305
19350,0.03419560566544533,-0.09510459005832672
19400,-0.05439789593219757,-0.09510646760463715
19450,-0.04750514402985573,-0.05878124758601189
19500,-0.08977565914392471,-2.57492069977161e-06
19550,-0.0553874634206295,0.058775849640369415
19600,-0.011410290375351906,0.0951048731803894
19650,0.02897939458489418,0.09510666131973267
19700,0.07389282435178757,0.058780521154403687
19750,0.05943760275840759,3.223723297196557e-06
19800,0.0660843476653099,-0.05877658724784851
19850,0.019224653020501137,-0.09510468691587448
19900,-0.049076665192842484,-0.09510637819766998
19950,-0.04612397029995918,-0.05878101661801338
20000,-0.06895279884338379,-2.28881845032447e-06
20050,-0.06269719451665878,0.05877607688307762
20100,-0.0005346587277017534,0.09510495513677597
20150,0.04640718176960945,0.0951065719127655
20200,0.04488668963313103,0.05878030136227608
20250,0.07357867807149887,2.936705868705758e-06
20300,0.050117507576942444,-0.058775585144758224
20350,0.02079879119992256,-0.09510477632284164
20400,-0.045093972235918045,-0.09510675817728043
20450,-0.05273396149277687,-0.05878078565001488
20500,-0.06956679373979568,-2.0027162008773303e-06
20550,-0.061777811497449875,0.058775074779987335
20600,-0.020123420283198357,0.09510457515716553
20650,0.03163164481520653,0.09510648250579834
20700,0.07746715843677521,0.05878007411956787
20750,0.06472048908472061,4.179351890343241e-06
20800,0.055705465376377106,-0.05877583101391792
20850,0.004083390347659588,-0.09510485827922821
20900,-0.01618369296193123,-0.09510620683431625
20950,-0.06487280130386353,-0.058781784027814865
21000,-0.06859801709651947,-3.24249276673072e-06
21050,-0.043641816824674606,0.05877653881907463
21100,-0.029112879186868668,0.0951051339507103
21150,0.04387635365128517,0.09510686993598938
21200,0.05053848400712013,0.05878107622265816
21250,0.08471670001745224,2.362675104450318e-06
21300,0.051266759634017944,-0.05877729877829552
21350,0.020395688712596893,-0.09510447829961777
21400,-0.030500395223498344,-0.0951065868139267
21450,-0.061780888587236404,-0.05878031998872757
21500,-0.0777411162853241,-4.4822695599577855e-06
21550,-0.07129137963056564,0.05877554044127464
21600,0.0011619672877714038,0.09510475397109985
21650,0.023088745772838593,0.09510630369186401
21700,0.06167256832122803,0.05878206714987755
21750,0.0802663192152977,3.589757170630037e-06
21800,0.05005650967359543,-0.058776285499334335
21850,0.02745416946709156,-0.09510504454374313
21900,-0.05022673308849335,-0.09510696679353714
21950,-0.06683409214019775,-0.058781325817108154
22000,-0.09263157099485397,-2.670288040462765e-06
22050,-0.05336424708366394,0.05877700448036194
22100,-0.008081111125648022,0.09510437399148941
22150,0.022143634036183357,0.09510668367147446
22200,0.0672258660197258,0.058780599385499954
22250,0.08230815082788467,1.7924261328516877e-06
22300,0.07339057326316833,-0.05877528339624405
22350,0.01459413580596447,-0.0951046571135521
22400,-0.02163631096482277,-0.09510640799999237
22450,-0.05266505107283592,-0.05878232792019844
22500,-0.07906023412942886,-3.910064606316155e-06
22550,-0.06961780041456223,0.058775998651981354
22600,-0.026154618710279465,0.09510493278503418
22650,0.043149352073669434,0.0951070711016655
22700,0.04567638412117958,0.058781612664461136
22750,0.06712733209133148,3.0350449833349558e-06
22800,0.06647270917892456,-0.05877673253417015
22850,0.015379657968878746,-0.09510427713394165
22900,-0.024578757584095,-0.09510678797960281
22950,-0.06741055101156235,-0.05878086015582085
23000,-0.07120984047651291,-2.098083541568485e-06
23050,-0.0493302084505558,0.05877499654889107
23100,-0.0139218894764781,0.09510454535484314
23150,0.017488282173871994,0.09510651230812073
23200,0.05821888521313667,0.05878014490008354
23250,0.07826175540685654,4.26214273829828e-06
23300,0.06954233348369598,-0.058775752782821655
23350,0.011708348989486694,-0.09510483592748642
23400,-0.046078573912382126,-0.09510622918605804
23450,-0.08136549592018127,-0.05878186225891113
23500,-0.09279387444257736,-3.337860107421875e-06
23550,-0.02408711053431034,0.05877646431326866
23600,-0.003476046957075596,0.0951041653752327
23650,0.031242504715919495,0.09510689228773117
23700,0.06520282477140427,0.058781154453754425
23750,0.06054716557264328,2.4454627691739006e-06
23800,0.04985584691166878,-0.058774739503860474
23850,0.027453381568193436,-0.09510444849729538
23900,-0.04698468744754791,-0.09510661661624908
23950,-0.057890813797712326,-0.05878039821982384
24000,-0.0661841630935669,-4.57763690064894e-06
24050,-0.06529545783996582,0.058775462210178375
24100,-0.007322066929191351,0.09510472416877747
24150,0.05134826898574829,0.0951063260436058
24200,0.050258319824934006,0.05878214165568352
24250,0.06511920690536499,3.688097422127612e-06
24300,0.04556341469287872,-0.05877620726823807
24350,0.01349069457501173,-0.09510501474142075
24400,-0.04168300703167915,-0.09510699659585953
24450,-0.05077497661113739,-0.05878140404820442
24500,-0.0673552080988884,-2.765655608527595e-06
24550,-0.04846461862325668,0.05877446010708809
24600,-0.028511542826890945,0.09510434418916702
24650,0.03726273775100708,0.09510671347379684
24700,0.07463637739419937,0.05878067761659622
24750,0.07726883888244629,4.934536718792515e-06
24800,0.057927340269088745,-0.058775193989276886
24850,-0.00042172049870714545,-0.0951046273112297
24900,-0.035931140184402466,-0.09510643780231476
24950,-0.04453187808394432,-0.05878240615129471
25000,-0.06651847809553146,-4.0054324017546605e-06
25050,-0.03894580155611038,0.05877592787146568
25100,-0.02504093013703823,0.09510490298271179
25150,0.04140444099903107,0.09510710090398788
25200,0.04767372086644173,0.058781690895557404
25250,0.08695756644010544,3.1178337849269155e-06
25300,0.05525495857000351,-0.058776676654815674
25350,0.004073725081980228,-0.09510423988103867
25400,-0.02560294046998024,-0.0951068177819252
25450,-0.08547180145978928,-0.058780938386917114
25500,-0.07081752270460129,-2.19345088225964e-06
25550,-0.05308254063129425,0.0587749183177948
25600,-0.0048577627167105675,0.09510452300310135
25650,0.02699553780257702,0.09510654956102371
25700,0.07243204861879349,0.058782678097486496
25750,0.07127498835325241,4.360484581411583e-06
25800,0.04500076547265053,-0.05877567455172539
25850,0.033261388540267944,-0.09510480612516403
25900,-0.0683177262544632,-0.09510719776153564
25950,-0.07559122890233994,-0.0587819404900074
26000,-0.08311989903450012,-3.4332276754867053e-06
26050,-0.05360151454806328,0.058776386082172394
26100,0.002217732835561037,0.09510413557291031
26150,0.04238640144467354,0.09510692954063416
26200,0.05758597329258919,0.0587812177836895
26250,0.09718962758779526,2.547576286815456e-06
26300,0.06953386217355728,-0.058774661272764206
26350,-0.00048303804942406714,-0.09510442614555359
26400,-0.04395657405257225,-0.09510663896799088
26450,-0.03457435593008995,-0.058780472725629807
26500,-0.07309278845787048,-4.673004241340095e-06
26550,-0.05936907231807709,0.05877538397908211
26600,-0.03557586669921875,0.09510469436645508
26650,0.028111472725868225,0.09510637074708939
26700,0.062074802815914154,0.058782219886779785
26750,0.0651983693242073,3.813313696809928e-06
26800,0.06259629130363464,-0.0587761290371418
26850,0.024484187364578247,-0.09510404616594315
26900,-0.03390510007739067,-0.09510702639818192
26950,-0.09026351571083069,-0.05878147482872009
27000,-0.07142072916030884,-2.86102294921875e-06
27050,-0.054133448749780655,0.05877438187599182
27100,0.002517484128475189,0.09510431438684464
27150,0.032440707087516785,0.09510675072669983
27200,0.06982135772705078,0.05878075584769249
27250,0.0562162809073925,5.036654329160228e-06
27300,0.06769581139087677,-0.058775126934051514
27350,0.013874070718884468,-0.09510459005832672
27400,-0.04090501740574837,-0.09510646760463715
27450,-0.057397667318582535,-0.058782484382390976
27500,-0.09529685974121094,-4.100799742445815e-06
27550,-0.027072595432400703,0.058775849640369415
27600,0.0042612734250724316,0.0951048731803894
27650,0.028456266969442368,0.09510713070631027
27700,0.05188495293259621,0.05878176912665367
27750,0.07179621607065201,3.223723297196557e-06
27800,0.0510852113366127,-0.05877412483096123
27850,0.014386902563273907,-0.09510421752929688
27900,-0.04897917062044144,-0.09510684758424759
27950,-0.04416408762335777,-0.05878101661801338
28000,-0.06510446965694427,-5.34057608092553e-06
28050,-0.0698390081524849,0.05877484008669853
28100,0.000264886039076373,0.09510449320077896
28150,0.05022292211651802,0.0951065719127655
28200,0.04550847038626671,0.058782756328582764
28250,0.07039079815149307,4.466376140044304e-06
28300,0.055276889353990555,-0.058775585144758224
28350,0.019721051678061485,-0.09510477632284164
28400,-0.036817118525505066,-0.09510722756385803
28450,-0.06563939899206161,-0.05878201872110367
28500,-0.07706455886363983,-3.52859501617786e-06
28550,-0.059675343334674835,0.058776307851076126
28600,-0.02814282290637493,0.09510410577058792
28650,0.02665943093597889,0.09510695189237595
28700,0.08080262690782547,0.05878129601478577
28750,0.07906416803598404,2.630364178912714e-06
28800,0.05884853005409241,-0.05877458676695824
28850,0.009637816809117794,-0.0951043888926506
28900,-0.022209594026207924,-0.09510667622089386
28950,-0.05318521708250046,-0.058783020824193954
29000,-0.07598504424095154,-4.76837158203125e-06
29050,-0.04742996767163277,0.05877530574798584
29100,-0.03281383588910103,0.09510466456413269
29150,0.034042567014694214,0.09510733932256699
29200,0.042233943939208984,0.05878230929374695
29250,0.07977040857076645,3.873003151966259e-06
29300,0.07728252559900284,-0.05877605080604553
29350,0.00909440778195858,-0.09510400146245956
29400,-0.03726077824831009,-0.0951070562005043
29450,-0.07242397964000702,-0.05878155305981636
29500,-0.0735994279384613,-2.9563905172835803e-06
29550,-0.05600261688232422,0.058774303644895554
29600,0.0026828094851225615,0.09510428458452225
29650,0.022774802520871162,0.09510677307844162
29700,0.06636807322502136,0.05878083035349846
29750,0.09241610020399094,5.115672138344962e-06
29800,0.04325192794203758,-0.058775048702955246
29850,0.012325664982199669,-0.09510456770658493
29900,-0.05680949613451958,-0.09510743618011475
29950,-0.06680302321910858,-0.058782558888196945
30000,-0.07084795832633972,-4.19616708313697e-06
30050,-0.0427979901432991,0.05877577140927315
30100,-0.012555237859487534,0.0951039046049118
30150,0.032027311623096466,0.09510716050863266
30200,0.05577784404158592,0.05878184363245964
30250,0.08146755397319794,3.302737241028808e-06
30300,0.060133952647447586,-0.05877405032515526
30350,0.01968938112258911,-0.09510418027639389
30400,-0.049787312746047974,-0.09510687738656998
30450,-0.05789019167423248,-0.05878109484910965
30500,-0.07070496678352356,-5.4359438763640355e-06
30550,-0.06524664163589478,0.05877476558089256
30600,-0.02498738467693329,0.09510446339845657
30650,0.029583586379885674,0.0951065942645073
30700,0.05387171357870102,0.05878283455967903
30750,0.10011047124862671,4.568493295664666e-06
30800,0.06995201855897903,-0.058775510638952255
30850,0.023221854120492935,-0.09510474652051926
30900,-0.028699461370706558,-0.09510725736618042
30950,-0.07671377062797546,-0.058782096952199936
31000,-0.08318009972572327,-3.623962356869015e-06
31050,-0.06413078308105469,0.05877376347780228
31100,-0.004004709422588348,0.09510407596826553
31150,0.012593084946274757,0.09510698169469833
31200,0.06073708459734917,0.058781374245882034
31250,0.07090085744857788,5.791851435787976e-06
31300,0.07632104307413101,-0.058774519711732864
31350,0.015324167907238007,-0.09510435909032822
31400,-0.036452580243349075,-0.09510669857263565
31450,-0.08810442686080933,-0.058783095329999924
31500,-0.08978051692247391,-4.863738922722405e-06
31550,-0.014166266657412052,0.05877522751688957
31600,0.0012316600186750293,0.0951046347618103
31650,0.03123088739812374,0.09510736912488937
31700,0.05812114477157593,0.05878237634897232
31750,0.033969562500715256,3.955793545173947e-06
31800,0.05942266434431076,-0.05877598747611046
31850,0.026983069255948067,-0.09510397911071777
31900,-0.04658607766032219,-0.0951070785522461
31950,-0.042906757444143295,-0.05878163129091263
32000,-0.06851140409708023,-6.10351571594947e-06
32050,-0.05722720921039581,0.058774229139089584
32100,-0.008993995375931263,0.09510425478219986
32150,0.05662668123841286,0.09510680288076401
32200,0.05300334095954895,0.0587833896279335
32250,0.06956974416971207,5.198464350542054e-06
32300,0.046642910689115524,-0.05877497419714928
32350,0.005245807580649853,-0.09510453790426254
32400,-0.03474577143788338,-0.09510746598243713
32450,-0.05922803282737732,-0.05878263711929321
32500,-0.06807426363229752,-4.291534423828125e-06
32550,-0.06288357824087143,0.05877569317817688
32600,-0.01867922954261303,0.09510387480258942
32650,0.03423962742090225,0.09510718286037445
32700,0.08620937168598175,0.05878192186355591
32750,0.08188585937023163,3.4241782032040646e-06
32800,0.041314296424388885,-0.05877397209405899
32850,0.013241664506494999,-0.0951041579246521
32900,-0.027723893523216248,-0.09510690718889236
32950,-0.07467412948608398,-0.05878117308020592
33000,-0.06995479762554169,-5.53131121705519e-06
33050,-0.04169771075248718,0.058774687349796295
33100,-0.030825436115264893,0.09510443359613419
33150,0.043963927775621414,0.09510757029056549
33200,0.04839466139674187,0.0587829127907753
33250,0.08417186141014099,4.651284598367056e-06
33300,0.054539479315280914,-0.05877543240785599
33350,-0.007493610493838787,-0.09510377794504166
33400,-0.02418951690196991,-0.0951072946190834
33450,-0.05015620216727257,-0.058782171458005905
33500,-0.07726077735424042,-3.719329924933845e-06
33550,-0.05821286886930466,0.05877368524670601
33600,-0.012093941681087017,0.09510404616594315
33650,0.042402610182762146,0.09510701149702072
33700,0.06108829751610756,0.058781445026397705
33750,0.07990411669015884,5.893970865145093e-06
33800,0.05107874795794487,-0.0587744414806366
33850,0.017237311229109764,-0.09510433673858643
33900,-0.047110773622989655,-0.09510672837495804
33950,-0.07614564150571823,-0.05878317356109619
34000,-0.07859046757221222,-4.9591067181609105e-06
34050,-0.05045662075281143,0.0587751530110836
34100,0.0027386497240513563,0.09510461241006851
34150,0.037736568599939346,0.09510739892721176
34200,0.0496768020093441,0.058782465755939484
34250,0.08019918203353882,4.07723518947023e-06
34300,0.06469126045703888,-0.058773428201675415
34350,-0.002268127165734768,-0.09510395675897598
34400,-0.025616582483053207,-0.09510710835456848
34450,-0.030835339799523354,-0.058781709522008896
34500,-0.08138676732778549,-6.198883056640625e-06
34550,-0.04998866468667984,0.05877415090799332
34600,-0.029440421611070633,0.09510422497987747
34650,0.03322776034474373,0.0951068326830864
34700,0.054393455386161804,0.058783452957868576
34750,0.07372619956731796,5.3236831263347995e-06
34800,0.05549294129014015,-0.05877489596605301
34850,0.026631131768226624,-0.09510451555252075
34900,-0.02581646665930748,-0.09510749578475952
34950,-0.07606405019760132,-0.05878271535038948
35000,-0.07690881937742233,-4.38690176451928e-06
35050,-0.0703464224934578,0.05877561494708061
35100,-0.0061288876459002495,0.09510383754968643
35150,0.04516983404755592,0.09510722011327744
35200,0.056187763810157776,0.05878198891878128
35250,0.06731901317834854,6.566385764017468e-06
35300,0.059295061975717545,-0.05877389386296272
35350,0.010255296714603901,-0.09510412812232971
35400,-0.05503201484680176,-0.09510693699121475
35450,-0.04433319345116615,-0.05878371745347977
35500,-0.08227932453155518,-5.626678557746345e-06
35550,-0.04083218052983284,0.05877460911870003
35600,-0.009183558635413647,0.0951044037938118
35650,0.026114631444215775,0.09510761499404907
35700,0.060689765959978104,0.05878300219774246
35750,0.07128767669200897,4.74962689622771e-06
35800,0.05844038724899292,-0.05877534672617912
35850,0.041403744369745255,-0.09510374069213867
35900,-0.03786561265587807,-0.0951073169708252
35950,-0.06430815905332565,-0.05878224968910217
36000,-0.07724644988775253,-3.814697265625e-06
36050,-0.07515385746955872,0.05877360701560974
36100,0.005065180826932192,0.09510401636362076
36150,0.03852973133325577,0.09510704129934311
36200,0.05842563137412071,0.05878153443336487
36250,0.05057957023382187,5.976764896331588e-06
36300,0.06301718950271606,-0.05877436324954033
36350,0.009536590427160263,-0.09510429948568344
36400,-0.04698193818330765,-0.09510769695043564
36450,-0.06071518361568451,-0.05878325179219246
36500,-0.05774032697081566,-5.054474058852065e-06
36550,-0.0737667977809906,0.058775074779987335
36600,-0.017362447455525398,0.09510363638401031
36650,0.03717172145843506,0.09510742872953415
36700,0.08514587581157684,0.05878254398703575
36750,0.09013967216014862,4.179351890343241e-06
36800,0.053556133061647415,-0.05877334997057915
36850,-0.015393665060400963,-0.095103919506073
36900,-0.033477649092674255,-0.09510713815689087
36950,-0.06071383133530617,-0.058781784027814865
37000,-0.06816067546606064,-6.29425039733178e-06
37050,-0.033465638756752014,0.05877407267689705
37100,-0.032667264342308044,0.09510419517755508
37150,0.034736357629299164,0.09510686993598938
37200,0.05083514004945755,0.058783531188964844
37250,0.09704776108264923,5.402701845014235e-06
37300,0.05539534240961075,-0.05877481773495674
37350,0.018117371946573257,-0.09510353952646255
37400,-0.04050229489803314,-0.09510752558708191
37450,-0.07977195084095001,-0.05878279358148575
37500,-0.07658332586288452,-4.4822695599577855e-06
37550,-0.05274571478366852,0.05877307057380676
37600,-0.007998870685696602,0.09510381519794464
37650,0.034209296107292175,0.09510725736618042
37700,0.07065361738204956,0.05878206714987755
37750,0.08269474655389786,6.649180704698665e-06
37800,0.04018419235944748,-0.05877380445599556
37850,0.03739813342690468,-0.09510409086942673
37900,-0.05565643683075905,-0.09510696679353714
37950,-0.06432224810123444,-0.058783795684576035
38000,-0.0879455953836441,-5.7220458984375e-06
38050,-0.06757346540689468,0.05877453088760376
38100,-0.0019048956455662847,0.09510437399148941
38150,0.026392623782157898,0.09510763734579086
38200,0.06448458880186081,0.05878308042883873
38250,0.0806068480014801,4.832419108424801e-06
38300,0.06504994630813599,-0.05877528339624405
38350,0.017470795661211014,-0.09510371088981628
38400,-0.02258400246500969,-0.09510734677314758
38450,-0.05903337150812149,-0.05878232792019844
38500,-0.07223458588123322,-6.961822691664565e-06
38550,-0.06831792742013931,0.058773528784513474
38600,-0.023793842643499374,0.09510398656129837
38650,0.03319459781050682,0.0951070711016655
38700,0.043127719312906265,0.05878407880663872
38750,0.08774521946907043,6.075110377423698e-06
38800,0.06793209910392761,-0.05877428874373436
38850,0.016676511615514755,-0.09510427713394165
38900,-0.032136231660842896,-0.09510772675275803
38950,-0.08551771193742752,-0.05878333002328873
39000,-0.07460656762123108,-5.14984139954322e-06
39050,-0.04297717288136482,0.05877499654889107
39100,-0.006934846751391888,0.09510360658168793
39150,0.02602335438132286,0.09510745853185654
39200,0.06275103986263275,0.05878261476755142
39250,0.06246058642864227,4.26214273829828e-06
39300,0.05732181668281555,-0.05877327546477318
39350,0.024140560999512672,-0.09510388970375061
39400,-0.035674724727869034,-0.09510717540979385
39450,-0.06718829274177551,-0.05878186225891113
39500,-0.08178623020648956,-6.3896181927702855e-06
39550,-0.028392238542437553,0.05877399444580078
39600,-0.01425534300506115,0.0951041653752327
39650,0.02367202565073967,0.09510783851146698
39700,0.05774262174963951,0.05878360942006111
39750,0.06254804134368896,5.504819910129299e-06
39800,0.06808944791555405,-0.058774739503860474
39850,0.03442401811480522,-0.09510350227355957
39900,-0.06387835741043091,-0.0951075553894043
39950,-0.0611550509929657,-0.05878286436200142
40000,-0.07823386043310165,-4.57763690064894e-06
40050,-0.06666405498981476,0.058772992342710495
40100,0.008814896456897259,0.09510378539562225
40150,0.04315695911645889,0.09510727971792221
40200,0.07159788906574249,0.05878214165568352
40250,0.07852521538734436,6.770627805963159e-06
40300,0.05959158018231392,-0.05877373740077019
40350,0.0054748510010540485,-0.09510406851768494
40400,-0.04629598185420036,-0.09510699659585953
40450,-0.06684145331382751,-0.058783870190382004
40500,-0.07725360989570618,-5.817413239128655e-06
40550,-0.05672158673405647,0.05877446010708809
40600,-0.025142300873994827,0.09510340541601181
40650,0.03217437490820885,0.09510766714811325
40700,0.08428789675235748,0.0587831549346447
40750,0.06713947653770447,4.934536718792515e-06
40800,0.04917750880122185,-0.0587727390229702
40850,0.02032872475683689,-0.0951046273112297
40900,-0.03383582457900047,-0.09510737657546997
40950,-0.05898885428905487,-0.05878487229347229
41000,-0.05999033898115158,-4.0054324017546605e-06
41050,-0.04048329219222069,0.058773454278707504
41100,-0.027998197823762894,0.09510301798582077
41150,0.040802303701639175,0.09510710090398788
41200,0.03772891312837601,0.05878414586186409
41250,0.07977646589279175,3.1178337849269155e-06
41300,0.06298508495092392,-0.0587741993367672
41350,0.011465278454124928,-0.09510330855846405
41400,-0.043338555842638016,-0.0951068177819252
41450,-0.06288415193557739,-0.058783408254384995
41500,-0.0700402483344078,-8.296966370835435e-06
41550,-0.05771467834711075,0.0587749183177948
41600,0.005355515517294407,0.09510357677936554
41650,0.025083128362894058,0.09510842710733414
41700,0.07399289309978485,0.058782678097486496
41750,0.09172765165567398,7.400627509923652e-06
41800,0.03170038014650345,-0.05877567455172539
41850,0.004778689704835415,-0.09510385990142822
41900,-0.0466667078435421,-0.09510814398527145
41950,-0.06491905450820923,-0.0587819404900074
42000,-0.06799241155385971,-6.48498553346144e-06
42050,-0.058003686368465424,0.05877145007252693
42100,-0.013840739615261555,0.09510413557291031
42150,0.028414281085133553,0.09510786831378937
42200,0.06310636550188065,0.0587812177836895
42250,0.0987907350063324,5.587613031821093e-06
42300,0.06908218562602997,-0.058772195130586624
42350,0.013297964818775654,-0.09510442614555359
42400,-0.039772845804691315,-0.09510757774114609
42450,-0.06099417060613632,-0.058785416185855865
42500,-0.07531347125768661,-4.673004241340095e-06
42550,-0.05698734521865845,0.058772917836904526
42600,-0.038834307342767715,0.09510469436645508
42650,0.03187284618616104,0.0951073095202446
42700,0.06892720609903336,0.05878470093011856
42750,0.08013791590929031,3.813313696809928e-06
42800,0.060220517218112946,-0.05877366289496422
42850,0.028614439070224762,-0.09510309249162674
42900,-0.02836308255791664,-0.09510702639818192
42950,-0.08338058739900589,-0.05878394842147827
43000,-0.07582546025514603,-8.964539119915571e-06
43050,-0.06072938069701195,0.05877438187599182
43100,-0.011510004289448261,0.09510337561368942
43150,0.02141745574772358,0.09510675072669983
43200,0.060226164758205414,0.05878323316574097
43250,0.059964388608932495,8.096161764115095e-06
43300,0.07490786164999008,-0.058775126934051514
43350,0.006888682022690773,-0.0951036661863327
43400,-0.03213644027709961,-0.09510835260152817
43450,-0.04583422467112541,-0.058782484382390976
43500,-0.07936475425958633,-7.152557373046875e-06
43550,-0.04306533932685852,0.058775849640369415
43600,-0.010205558501183987,0.09510393440723419
43650,0.006237728521227837,0.09510806947946548
43700,0.07077455520629883,0.05878176912665367
43750,0.06910745799541473,6.260024292714661e-06
43800,0.07601647078990936,-0.058771658688783646
43850,0.026803679764270782,-0.09510421752929688
43900,-0.05452903360128403,-0.0951077863574028
43950,-0.07295525819063187,-0.058785952627658844
44000,-0.07209557294845581,-5.34057608092553e-06
44050,-0.052730970084667206,0.05877237394452095
44100,0.009399346075952053,0.09510449320077896
44150,0.03129306808114052,0.09510751813650131
44200,0.05967651307582855,0.05878523737192154
44250,0.06854737550020218,4.466376140044304e-06
44300,0.04949769005179405,-0.05877311900258064
44350,0.01850210875272751,-0.09510289132595062
44400,-0.042627304792404175,-0.09510722756385803
44450,-0.07146990299224854,-0.05878448486328125
44500,-0.06802450865507126,-3.52859501617786e-06
44550,-0.05668507516384125,0.058773841708898544
44600,-0.01683761365711689,0.09510316699743271
44650,0.02338768169283867,0.09510695189237595
44700,0.07955078035593033,0.05878376588225365
44750,0.07281789928674698,8.745504601392895e-06
44800,0.05493472144007683,-0.05877458676695824
44850,0.022585980594158173,-0.09510345011949539
44900,-0.023033475503325462,-0.09510856121778488
44950,-0.058947354555130005,-0.058783020824193954
45000,-0.07781472057104111,-7.82012921263231e-06
45050,-0.05521779879927635,0.05877530574798584
45100,-0.036621320992708206,0.09510372579097748
45150,0.0389174222946167,0.0951082855463028
45200,0.06794752180576324,0.05878230929374695
45250,0.06537656486034393,6.932444648555247e-06
45300,0.06102357059717178,-0.05877111479640007
45350,0.02902946062386036,-0.09510400146245956
45400,-0.05208413302898407,-0.09510799497365952
45450,-0.06862911581993103,-0.05878155305981636
45500,-0.07914967834949493,-6.008148375258315e-06
45550,-0.05936046689748764,0.058771830052137375
45600,0.010789024643599987,0.09510428458452225
45650,0.034251756966114044,0.09510772675275803
45700,0.06109900027513504,0.05878576636314392
45750,0.07575135678052902,5.115672138344962e-06
45800,0.03997709974646568,-0.058772582560777664
45850,0.01718147099018097,-0.09510456770658493
45900,-0.0552281029522419,-0.09510743618011475
45950,-0.022229431197047234,-0.058785028755664825
46000,-0.09387688338756561,-4.19616708313697e-06
46050,-0.056561458855867386,0.05877329781651497
46100,-0.013873008079826832,0.095102958381176
46150,0.029412731528282166,0.09510716050863266
46200,0.06100910156965256,0.058784302324056625
46250,0.10100726783275604,9.421730283065699e-06
46300,0.06241942197084427,-0.05877405032515526
46350,-0.005792172625660896,-0.09510324150323868
46400,-0.026528039947152138,-0.09510687738656998
46450,-0.06669127941131592,-0.05878356099128723
46500,-0.07806620746850967,-8.487701961712446e-06
46550,-0.046521566808223724,0.05877476558089256
46600,-0.02732224389910698,0.09510351717472076
46650,0.04203807935118675,0.09510849416255951
46700,0.060337115079164505,0.05878283455967903
46750,0.08919446170330048,7.608646683365805e-06
46800,0.04297933727502823,-0.058775510638952255
46850,0.026778968051075935,-0.09510380029678345
46900,-0.04860750958323479,-0.09510820358991623
46950,-0.07105865329504013,-0.058782096952199936
47000,-0.08119380474090576,-6.67572021484375e-06
47050,-0.05117614567279816,0.058771293610334396
47100,-0.01693090796470642,0.09510407596826553
47150,0.0241184551268816,0.09510792791843414
47200,0.06020796298980713,0.058786313980817795
47250,0.07511282712221146,5.791851435787976e-06
47300,0.07147376984357834,-0.05877203866839409
47350,0.017906617373228073,-0.09510435909032822
47400,-0.028738513588905334,-0.09510764479637146
47450,-0.05028749257326126,-0.0587855689227581
47500,-0.0885196328163147,-4.863738922722405e-06
47550,-0.03972407430410385,0.05877276137471199
47600,-0.010002069175243378,0.09510274976491928
47650,0.01746845431625843,0.09510736912488937
47700,0.053784359246492386,0.0587848536670208
47750,0.06255558133125305,3.955793545173947e-06
47800,0.06933924555778503,-0.05877350643277168
47850,0.017979441210627556,-0.09510303288698196
47900,-0.05751018971204758,-0.0951070785522461
47950,-0.05736488103866577,-0.05878410488367081
48000,-0.06524437665939331,-9.15527380129788e-06
48050,-0.04998959228396416,0.058774229139089584
48100,0.0031890643294900656,0.09510331600904465
48150,0.047607019543647766,0.09510868787765503
48200,0.058473557233810425,0.0587833896279335
48250,0.05660879611968994,8.257983608928043e-06
48300,0.03743308410048485,-0.05877497419714928
48350,0.009818501770496368,-0.09510359913110733
48400,-0.03793458268046379,-0.09510841220617294
48450,-0.061512842774391174,-0.05878263711929321
48500,-0.06288749724626541,-7.3432925091765355e-06
48550,-0.045573119074106216,0.05877075344324112
48600,-0.03167937695980072,0.09510387480258942
48650,0.02257845550775528,0.09510813653469086
48700,0.07372373342514038,0.05878192186355591
48750,0.08636225014925003,6.464264970418299e-06
48800,0.06201707571744919,-0.058771517127752304
48850,0.02280639484524727,-0.0951041579246521
48900,-0.05017572641372681,-0.09510784596204758
48950,-0.06686176359653473,-0.05878610536456108
49000,-0.07878568768501282,-5.53131121705519e-06
49050,-0.044906675815582275,0.058772217482328415
49100,-0.018523938953876495,0.09510254114866257
49150,0.03668328747153282,0.09510757029056549
49200,0.06664621084928513,0.058785390108823776
49250,0.0971483364701271,4.651284598367056e-06
49300,0.06006283313035965,-0.0587729774415493
49350,0.002416876144707203,-0.09510283172130585
49400,-0.029488028958439827,-0.0951072946190834
49450,-0.0810498371720314,-0.058784641325473785
49500,-0.06797931343317032,-9.822845640883315e-06
49550,-0.0632844865322113,0.05877368524670601
49600,-0.0048982747830450535,0.09510310739278793
49650,0.023485668003559113,0.09510701149702072
49700,0.070909783244133,0.05878392606973648
49750,0.07186863571405411,8.934202014643233e-06
49800,0.04322461038827896,-0.0587744414806366
49850,0.03836653381586075,-0.09510338306427002
49900,-0.026734108105301857,-0.09510862082242966
49950,-0.0847085565328598,-0.05878317356109619
50000,-0.09112752974033356,-8.010864803509321e-06
50050,-0.05572429671883583,0.0587751530110836
50100,0.0015281331725418568,0.0951036661863327
50150,0.03021017275750637,0.09510833770036697
50200,0.060150861740112305,0.058782465755939484
50250,0.06385264545679092,7.136687145248288e-06
50300,0.07380938529968262,-0.05877096205949783
50350,0.006740778684616089,-0.09510395675897598
50400,-0.024807943031191826,-0.09510805457830429
50450,-0.04652133956551552,-0.058786649256944656
50500,-0.07804357260465622,-6.198883056640625e-06
50550,-0.0599399171769619,0.058771681040525436
50600,-0.025261973962187767,0.09510422497987747
50650,0.051494598388671875,0.0951077789068222
50700,0.046060703694820404,0.05878593400120735
50750,0.08937694132328033,5.3236831263347995e-06
50800,0.049990102648735046,-0.05877241492271423
50850,0.014910023659467697,-0.09510262310504913
50900,-0.028044281527400017,-0.09510749578475952
50950,-0.06829401850700378,-0.05878518149256706
51000,-0.07668772339820862,-4.38690176451928e-06
51050,-0.05657201260328293,0.05877314880490303
51100,-0.013521001674234867,0.09510289877653122
51150,0.030910424888134003,0.09510722011327744
51200,0.050128158181905746,0.05878446623682976
51250,0.07598618417978287,9.606656021787785e-06
51300,0.06789080053567886,-0.05877389386296272
51350,0.022758523002266884,-0.0951031893491745
51400,-0.053854670375585556,-0.09510882198810577
51450,-0.0682583674788475,-0.05878371745347977
51500,-0.08963949233293533,-8.678436643094756e-06
51550,-0.0463869534432888,0.05877460911870003
51600,0.0009400988928973675,0.09510345757007599
51650,0.03897804766893387,0.09510853886604309
51700,0.07218655943870544,0.05878300219774246
51750,0.045397575944662094,7.789792107359972e-06
51800,0.05232162028551102,-0.058770425617694855
51850,0.021441513672471046,-0.09510374069213867
51900,-0.032347261905670166,-0.095108263194561
51950,-0.055776480585336685,-0.05878224968910217
52000,-0.06085322052240372,-6.8664553509734105e-06
52050,-0.07386557012796402,0.05877114087343216
52100,-0.006071704905480146,0.09510401636362076
52150,0.03856232762336731,0.09510799497365952
52200,0.05577169731259346,0.058786459267139435
52250,0.08794164657592773,5.976764896331588e-06
52300,0.03264313191175461,-0.05877188593149185
52350,0.01796400174498558,-0.09510242193937302
52400,-0.03411940112709999,-0.09510769695043564
52450,-0.04413827881217003,-0.05878571793437004
52500,-0.0709100216627121,-5.054474058852065e-06
52550,-0.057086363434791565,0.058772604912519455
52600,-0.028856949880719185,0.0951026901602745
52650,0.014480642974376678,0.09510742872953415
52700,0.07545341551303864,0.05878499895334244
52750,0.08713644742965698,1.0279118214384653e-05
52800,0.056467123329639435,-0.05877334997057915
52850,0.0099185761064291,-0.09510298073291779
52900,-0.020265908911824226,-0.09510713815689087
52950,-0.08061040937900543,-0.058784253895282745
53000,-0.07303790003061295,-9.34600848268019e-06
53050,-0.02403682842850685,0.05877407267689705
53100,-0.02829674258828163,0.09510325640439987
53150,0.04528198018670082,0.0951087474822998
53200,0.05683460459113121,0.058783531188964844
53250,0.07531633973121643,8.462231562589295e-06
53300,0.03992708399891853,-0.05877481773495674
53350,0.009371772408485413,-0.09510353952646255
53400,-0.04209648445248604,-0.09510847181081772
53450,-0.08229129016399384,-0.05878279358148575
53500,-0.060765787959098816,-7.534027190558845e-06
53550,-0.052908651530742645,0.058770596981048584
53600,-0.007724652532488108,0.09510381519794464
53650,0.03689999133348465,0.09510819613933563
53700,0.06287995725870132,0.058787014335393906
53750,0.08767781406641006,6.649180704698665e-06
53800,0.056231919676065445,-0.05877136066555977
53850,0.029366107657551765,-0.09510409086942673
53900,-0.05197291076183319,-0.09510790556669235
53950,-0.0412348248064518,-0.058786261826753616
54000,-0.0856047049164772,-5.7220458984375e-06
54050,-0.08393874764442444,0.05877206474542618
54100,-0.020064005628228188,0.09510248154401779
54150,0.003265302861109376,0.09510763734579086
54200,0.07722914963960648,0.05878554657101631
54250,0.09934075176715851,4.832419108424801e-06
54300,0.07240309566259384,-0.05877282842993736
54350,-0.0015827311435714364,-0.09510277211666107
54400,-0.03065304271876812,-0.09510734677314758
54450,-0.08135142922401428,-0.05878479406237602
54500,-0.0554942861199379,-1.0013580322265625e-05
54550,-0.0310343187302351,0.058773528784513474
54600,-0.01744191162288189,0.09510304778814316
54650,0.023870529606938362,0.09510895609855652
54700,0.042174097150564194,0.05878407880663872
54750,0.07600201666355133,9.134679203270935e-06
54800,0.055929720401763916,-0.05877428874373436
54850,0.02028650976717472,-0.09510333091020584
54900,-0.03387032076716423,-0.09510868042707443
54950,-0.07750045508146286,-0.05878333002328873
55000,-0.07331740111112595,-8.20159948489163e-06
55050,-0.03910515084862709,0.058770060539245605
55100,0.004994974937289953,0.09510360658168793
55150,0.025228144600987434,0.09510840475559235
55200,0.06032688915729523,0.05878261476755142
55250,0.0511820986866951,7.321604698518058e-06
55300,0.06104850396513939,-0.0587707944214344
55350,0.025395648553967476,-0.09510388970375061
55400,-0.056960709393024445,-0.09510811418294907
55450,-0.05555224046111107,-0.05878680571913719
55500,-0.0712384581565857,-6.3896181927702855e-06
55550,-0.047119587659835815,0.0587715283036232
55600,-0.01583075150847435,0.09510228037834167
55650,0.041574276983737946,0.09510783851146698
55700,0.07474564015865326,0.05878609046339989
55750,0.04666733369231224,5.504819910129299e-06
55800,0.05483940243721008,-0.058772262185811996
55850,0.024160578846931458,-0.09510256350040436
55900,-0.04056023433804512,-0.0951075553894043
55950,-0.08100942522287369,-0.0587853379547596
56000,-0.06169091910123825,-1.068115216185106e-05
56050,-0.06639395654201508,0.058772992342710495
56100,0.009466310031712055,0.09510283917188644
56150,0.0441773384809494,0.09510727971792221
56200,0.05248107761144638,0.05878462269902229
56250,0.1012435033917427,9.787809176486917e-06
56300,0.050763022154569626,-0.05877373740077019
56350,0.011126797646284103,-0.09510311484336853
56400,-0.045155156403779984,-0.09510888159275055
56450,-0.057086631655693054,-0.058783870190382004
56500,-0.08440692722797394,-8.869171324477065e-06
56550,-0.06021425873041153,0.05876952037215233
56600,-0.026536721736192703,0.09510340541601181
56650,0.0277016069740057,0.09510860592126846
56700,0.06988464295864105,0.0587831549346447
56750,0.08160261064767838,7.974712389113847e-06
56800,0.05943100526928902,-0.05877026915550232
56850,0.021165894344449043,-0.0951036885380745
56900,-0.041917964816093445,-0.09510832279920578
56950,-0.08495497703552246,-0.05878734216094017
57000,-0.07632361352443695,-7.05719003235572e-06
57050,-0.029683243483304977,0.058770984411239624
57100,-0.018669627606868744,0.09510395675897598
57150,0.04957565292716026,0.0951080471277237
57200,0.05972924456000328,0.058786626905202866
57250,0.062101658433675766,6.157904408610193e-06
57300,0.059191543608903885,-0.05877173691987991
57350,0.016180969774723053,-0.09510235488414764
57400,-0.03314542770385742,-0.09510776400566101
57450,-0.04416823387145996,-0.058785874396562576
57500,-0.07239023596048355,-5.245208740234375e-06
57550,-0.07340151071548462,0.05877245217561722
57600,-0.015937110409140587,0.09510263055562973
57650,0.024107186123728752,0.09510748833417892
57700,0.0707053542137146,0.058785147964954376
57750,0.0948956236243248,1.046027409756789e-05
57800,0.05740973353385925,-0.05877319723367691
57850,0.0019776441622525454,-0.09510292112827301
57900,-0.027818316593766212,-0.09510908275842667
57950,-0.07248347997665405,-0.05878440663218498
58000,-0.08899709582328796,-9.5367431640625e-06
58050,-0.052367135882377625,0.058773916214704514
58100,-0.00556387472897768,0.0951031967997551
58150,0.025519611313939095,0.09510880708694458
58200,0.05281084030866623,0.05878368765115738
58250,0.08249117434024811,8.647154572827276e-06
58300,0.06776225566864014,-0.05876972898840904
58350,0.011849818751215935,-0.09510347247123718
58400,-0.047620564699172974,-0.0951085314154625
58450,-0.0682828351855278,-0.05878294259309769
58500,-0.08484391868114471,-7.724762326688506e-06
58550,-0.03282677009701729,0.05877044424414635
58600,-0.010408191941678524,0.09510375559329987
58650,0.044266227632761,0.09510824829339981
58700,0.05021705478429794,0.05878715589642525
58750,0.07360843569040298,6.830322945461376e-06
58800,0.05035262182354927,-0.05877119302749634
58850,0.031421296298503876,-0.09510215371847153
58900,-0.03752415254712105,-0.09510796517133713
58950,-0.06172505021095276,-0.05878641828894615
59000,-0.07334089279174805,-5.9127810345671605e-06
59050,-0.06068748980760574,0.05877190828323364
59100,-0.018103424459695816,0.09510242193937302
59150,0.040803030133247375,0.09510769695043564
59200,0.05441540107131004,0.05878568813204765
59250,0.048637717962265015,1.113274811359588e-05
59300,0.07498137652873993,-0.05877266079187393
59350,0.01691393554210663,-0.0951027125120163
59400,-0.04331059753894806,-0.09510740637779236
59450,-0.048245713114738464,-0.05878495052456856
59500,-0.08235672861337662,-1.0204315003647935e-05
59550,-0.04372681677341461,0.05877337604761124
59600,-0.006112491711974144,0.09510298818349838
59650,0.040268927812576294,0.0951090082526207
59700,0.06559962779283524,0.05878422409296036
59750,0.07789213210344315,9.300278179580346e-06
59800,0.04086700826883316,-0.058769192546606064
59850,0.004760559648275375,-0.09510327130556107
59900,-0.03503839299082756,-0.09510873258113861
59950,-0.08941324800252914,-0.058783482760190964
60000,-0.06235364452004433,-8.39233416627394e-06
60050,-0.05061519891023636,0.05876990780234337
60100,-0.004277304746210575,0.09510354697704315
60150,0.036252014338970184,0.09510844945907593
60200,0.0581774078309536,0.05878770351409912
60250,0.08705280721187592,7.502750122512225e-06
60300,0.04760567843914032,-0.05877065286040306
60350,0.026660731062293053,-0.09510383754968643
60400,-0.04388784244656563,-0.09510817378759384
60450,-0.07743805646896362,-0.05878695845603943
60500,-0.07826507091522217,-6.580352874152595e-06
60550,-0.07009091973304749,0.058771371841430664
60600,-0.007457222323864698,0.0951022207736969
60650,0.04476311057806015,0.09510790556669235
60700,0.07863889634609222,0.058786243200302124
60750,0.07394149154424667,5.685958058165852e-06
60800,0.04822340980172157,-0.058772116899490356
60850,0.014348188415169716,-0.09510251134634018
60900,-0.054749153554439545,-0.09510760754346848
60950,-0.04836588352918625,-0.05878549441695213
61000,-0.07478682696819305,-1.0871887752728071e-05
61050,-0.04103986546397209,0.05877283960580826
61100,-0.02645203284919262,0.09510277956724167
61150,0.051174063235521317,0.09510922431945801
61200,0.05182303488254547,0.05878477916121483
61250,0.07655587792396545,9.972736734198406e-06
61300,0.06214514747262001,-0.05877358466386795
61350,0.015204071067273617,-0.09510307013988495
61400,-0.018115025013685226,-0.09510894119739532
61450,-0.03808223456144333,-0.05878402665257454
61500,-0.08372721076011658,-9.059906005859375e-06
61550,-0.07098778337240219,0.05876936390995979
61600,-0.020000388845801353,0.09510334581136703
61650,0.02037695050239563,0.09510866552591324
61700,0.05923477187752724,0.058783311396837234
61750,0.08504576981067657,8.178959433280397e-06
61800,0.0592353455722332,-0.05877011641860008
61850,0.009122837334871292,-0.09510362148284912
61900,-0.026746973395347595,-0.09510838240385056
61950,-0.07703611254692078,-0.05878749489784241
62000,-0.07747198641300201,-7.24792471373803e-06
62050,-0.03836454451084137,0.05877083167433739
62100,-0.01820789836347103,0.09510201215744019
62150,0.01775958202779293,0.09510811418294907
62200,0.051163449883461,0.0587867796421051
62250,0.07575394213199615,6.381470484484453e-06
62300,0.07107190787792206,-0.05877158045768738
62350,0.009627099148929119,-0.09510230273008347
62400,-0.03240068629384041,-0.09510781615972519
62450,-0.06563756614923477,-0.05878603085875511
62500,-0.0715983584523201,-1.1539459592313506e-05
62550,-0.053382135927677155,0.05877229571342468
62600,-0.014050129801034927,0.09510257095098495
62650,0.03499451279640198,0.0951075479388237
62700,0.03408520296216011,0.05878530070185661
62750,0.0875941812992096,1.0645204383763485e-05
62800,0.060276638716459274,-0.058773040771484375
62850,0.02565128356218338,-0.09510285407304764
62900,-0.04668848216533661,-0.09510914981365204
62950,-0.05570542439818382,-0.05878456309437752
63000,-0.08360587060451508,-9.72747784544481e-06
63050,-0.061524733901023865,0.058768827468156815
63100,-0.01129397377371788,0.09510313719511032
63150,0.03775598853826523,0.09510887414216995
63200,0.07125239819288254,0.05878385528922081
63250,0.06631672382354736,8.8283040895476e-06
63300,0.06490534543991089,-0.05876957252621651
63350,0.025107070803642273,-0.095103420317173
63400,-0.02512190118432045,-0.09510859102010727
63450,-0.055732596665620804,-0.05878803879022598
63500,-0.08767934143543243,-7.915497008070815e-06
63550,-0.04267993941903114,0.05877029523253441
63600,-0.027460556477308273,0.09510369598865509
63650,0.028762739151716232,0.09510830789804459
63700,0.062077004462480545,0.05878732353448868
63750,0.06342891603708267,7.015239589236444e-06
63800,0.05475219711661339,-0.05877102538943291
63850,-3.362249117344618e-05,-0.09510209411382675
63900,-0.026850156486034393,-0.0951080247759819
63950,-0.0511028952896595,-0.05878657102584839
64000,-0.06851879507303238,-1.220703143189894e-05
64050,-0.0670909509062767,0.058771755546331406
64100,0.0055854786187410355,0.09510236233472824
64150,0.032108865678310394,0.09510775655508041
64200,0.056313954293727875,0.058785855770111084
64250,0.08074472844600677,1.1321452802803833e-05
64300,0.05653830245137215,-0.058772504329681396
64350,0.02134847640991211,-0.09510264545679092
64400,-0.043863050639629364,-0.09510935097932816
64450,-0.0825815424323082,-0.05878510698676109
64500,-0.08549576252698898,-1.0395050594524946e-05
64550,-0.05241239070892334,0.0587732195854187
64600,-0.01088873390108347,0.09510292857885361
64650,0.027105525135993958,0.09510906785726547
64700,0.08007217943668365,0.058784376829862595
64750,0.08950584381818771,9.52385653363308e-06
64800,0.04711921885609627,-0.05876903608441353
64850,0.016894003376364708,-0.09510321170091629
64900,-0.035023923963308334,-0.09510879218578339
64950,-0.041449833661317825,-0.0587836392223835
65000,-0.06861647963523865,-8.58306884765625e-06
65050,-0.08129324018955231,0.05876975134015083
65100,-0.03825697675347328,0.09510348737239838
65150,0.03737909346818924,0.0951085165143013
65200,0.08096157014369965,0.058787859976291656
65250,0.07002434134483337,7.710768841207027e-06
65300,0.0621563196182251,-0.05877050384879112
65350,0.03237192705273628,-0.09510188549757004
65400,-0.03386351093649864,-0.09510823339223862
65450,-0.06791052222251892,-0.05878710746765137
65500,-0.08031491935253143,-6.771087555534905e-06
65550,-0.06918362528085709,0.05877121910452843
65600,-0.010333269834518433,0.09510216116905212
65650,0.03752228245139122,0.09510795027017593
65700,0.053729377686977386,0.05878639221191406
65750,0.08542769402265549,1.1993936823273543e-05
65800,0.06395410001277924,-0.05877196416258812
65850,0.005028311628848314,-0.0951024517416954
65900,-0.04938303679227829,-0.09510766714811325
65950,-0.0521964393556118,-0.05878564715385437
66000,-0.08749199658632278,-1.106262243411038e-05
66050,-0.04284263774752617,0.05877268314361572
66100,-0.0030018072575330734,0.0951027199625969
66150,0.017816897481679916,0.09510928392410278
66200,0.048567034304142,0.058784931898117065
66250,0.06570641696453094,1.0176990144827869e-05
66300,0.0733599066734314,-0.05876849219202995
66350,0.012119256891310215,-0.09510300308465958
66400,-0.029456980526447296,-0.0951090008020401
66450,-0.06385128200054169,-0.058784183114767075
66500,-0.060398586094379425,-9.250640687241685e-06
66550,-0.03720579668879509,0.05876920744776726
66600,-0.01932894065976143,0.09510328620672226
66650,0.035027939826250076,0.09510872513055801
66700,0.05001480504870415,0.058788400143384933
66750,0.04545263573527336,8.340781278093345e-06
66800,0.05909692123532295,-0.05876997113227844
66850,0.017620941624045372,-0.09510357677936554
66900,-0.039018064737319946,-0.09510844200849533
66950,-0.06776458024978638,-0.05878765136003494
67000,-0.08097241818904877,-7.43865984986769e-06
67050,-0.04946506395936012,0.05877067521214485
67100,-0.006238394416868687,0.09510195255279541
67150,0.04217077046632767,0.09510815888643265
67200,0.07393178343772888,0.05878693610429764
67250,0.0815989151597023,1.2666429938690271e-05
67300,0.06562206894159317,-0.058771438896656036
67350,0.0027701782528311014,-0.09510224312543869
67400,-0.0542769618332386,-0.09510787576436996
67450,-0.05581742152571678,-0.05878618359565735
67500,-0.07671235501766205,-1.1730194273695815e-05
67550,-0.04236871004104614,0.058772142976522446
67600,-0.002377961529418826,0.09510251134634018
67650,0.031674761325120926,0.0951094925403595
67700,0.05444087088108063,0.058785468339920044
67750,0.07312724739313126,1.0849460522877052e-05
67800,0.03874439001083374,-0.05877290293574333
67850,0.03507044538855553,-0.09510280936956406
67900,-0.03916652128100395,-0.09510920196771622
67950,-0.06268472969532013,-0.05878471955657005
68000,-0.0826779380440712,-9.918213436321821e-06
68050,-0.06670618057250977,0.05876867100596428
68100,-0.0009456089464947581,0.09510307759046555
68150,0.046780459582805634,0.09510891884565353
68200,0.05000641196966171,0.05878400430083275
68250,0.0846484825015068,9.036327355715912e-06
68300,0.0459696389734745,-0.05876942351460457
68350,0.03669774532318115,-0.09510336071252823
68400,-0.046865466982126236,-0.09510865062475204
68450,-0.07647737860679626,-0.05878819152712822
68500,-0.09833498299121857,-8.106231689453125e-06
68550,-0.04591582715511322,0.05877013877034187
68600,-0.014964601024985313,0.0951017439365387
68650,0.04029443860054016,0.09510838240385056
68700,0.07129918783903122,0.058787476271390915
68750,0.07480279356241226,7.219482995424187e-06
68800,0.061777688562870026,-0.05877087265253067
68850,0.019357476383447647,-0.09510203450918198
68900,-0.03207596763968468,-0.09510808438062668
68950,-0.04427580535411835,-0.058786727488040924
69000,-0.07662370055913925,-1.239776611328125e-05
69050,-0.056156959384679794,0.05877160653471947
69100,-0.04405887797474861,0.09510230273008347
69150,0.036996934562921524,0.09510781615972519
69200,0.05912698060274124,0.05878601223230362
69250,0.0791134387254715,1.1521939086378552e-05
69300,0.06434613466262817,-0.05877235159277916
69350,0.03146827965974808,-0.09510260075330734
69400,-0.03658181428909302,-0.09510941058397293
69450,-0.06629051268100739,-0.05878525972366333
69500,-0.0836479440331459,-1.0585785275907256e-05
69550,-0.06109606474637985,0.058768130838871
69600,-0.018388662487268448,0.09510286897420883
69650,0.03299766778945923,0.09510913491249084
69700,0.06915020197629929,0.058784544467926025
69750,0.08926082402467728,9.689456419437192e-06
69800,0.04824510216712952,-0.05876887962222099
69850,0.01252397894859314,-0.09510315209627151
69900,-0.05038880929350853,-0.09510885179042816
69950,-0.07423432916402817,-0.0587887279689312
70000,-0.08058775216341019,-8.77380352903856e-06
70050,-0.0459384024143219,0.0587695948779583
70100,0.0008312002755701542,0.0951034277677536
70150,0.02477750927209854,0.09510857611894608
70200,0.05142674595117569,0.058788001537323
70250,0.06855880469083786,7.891914719948545e-06
70300,0.07610966265201569,-0.05877034738659859
70350,0.0034513971768319607,-0.09510183334350586
70400,-0.03620079159736633,-0.09510829299688339
70450,-0.055568866431713104,-0.0587872639298439
70500,-0.060194723308086395,-1.3065337952866685e-05
70550,-0.04145398363471031,0.05877106264233589
70600,-0.021632365882396698,0.09510210156440735
70650,0.03108711913228035,0.0951080247759819
70700,0.05539045110344887,0.0587865374982357
70750,0.05620592087507248,1.2175099072919693e-05
70800,0.059541404247283936,-0.058771807700395584
70850,0.012313345447182655,-0.09510239213705063
70900,-0.03472311794757843,-0.09510961920022964
70950,-0.05668704956769943,-0.05878579616546631
71000,-0.076444610953331,-1.125335711549269e-05
71050,-0.057534944266080856,0.058772530406713486
71100,-0.007836585864424706,0.09510266035795212
71150,0.05015129595994949,0.09510934352874756
71200,0.06778448820114136,0.058785077184438705
71250,0.06543213129043579,1.0361919521528762e-05
71300,0.052130043506622314,-0.058768339455127716
71350,0.0021730968728661537,-0.0951029434800148
71400,-0.03370313718914986,-0.09510906040668488
71450,-0.0460340641438961,-0.05878433212637901
71500,-0.0799698531627655,-9.441376278118696e-06
71550,-0.030522000044584274,0.05876905471086502
71600,-0.015127800405025482,0.09510322660207748
71650,0.018421802669763565,0.09510878473520279
71700,0.0574549175798893,0.058788545429706573
71750,0.08380167931318283,8.545029231754597e-06
71800,0.042358413338661194,-0.05876980349421501
71850,0.011199085973203182,-0.09510161727666855
71900,-0.029849642887711525,-0.0951085016131401
71950,-0.07556858658790588,-0.05878780409693718
72000,-0.06655623018741608,-7.62939453125e-06
72050,-0.06852499395608902,0.058770518749952316
72100,0.00504347076639533,0.09510189294815063
72150,0.05102413147687912,0.09510822594165802
72200,0.05205851048231125,0.05878707766532898
72250,0.06759404391050339,1.2847594916820526e-05
72300,0.041269294917583466,-0.058771271258592606
72350,0.03858068212866783,-0.09510218352079391
72400,-0.05281806364655495,-0.09510793536901474
72450,-0.07142230868339539,-0.058786340057849884
72500,-0.08712644129991531,-1.1920928955078125e-05
72550,-0.07711911201477051,0.05877198651432991
72600,-0.010193995200097561,0.0951024517416954
72650,0.04055553302168846,0.09510955214500427
72700,0.08930660039186478,0.058785613626241684
72750,0.08305754512548447,1.1034391718567349e-05
72800,0.061455629765987396,-0.05876779183745384
72850,0.002308041090145707,-0.09510273486375809
72900,-0.024295279756188393,-0.09510926157236099
72950,-0.031684037297964096,-0.05878487229347229
73000,-0.06466549634933472,-1.010894811770413e-05
73050,-0.06501684337854385,0.05876851826906204
73100,-0.03982580453157425,0.09510301798582077
73150,0.014955246821045876,0.0951089859008789
73200,0.0557381696999073,0.05878909304738045
73250,0.08409050852060318,9.21747869142564e-06
73300,0.0758015364408493,-0.05876925587654114
73350,0.018306316807866096,-0.09510330855846405
73400,-0.027391381561756134,-0.09510870277881622
73450,-0.06394563615322113,-0.05878834053874016
73500,-0.08345253765583038,-8.296966370835435e-06
73550,-0.04918346554040909,0.05876998230814934
73600,-0.016817446798086166,0.09510169178247452
73650,0.0170123390853405,0.09510842710733414
73700,0.06431712955236435,0.05878762528300285
73750,0.07387290894985199,1.3520098946173675e-05
73800,0.05069982260465622,-0.058770716190338135
73850,0.01912984438240528,-0.0951019749045372
73900,-0.03798083961009979,-0.09510814398527145
73950,-0.07877719402313232,-0.05878688022494316
74000,-0.07338067889213562,-1.258850079466356e-05
74050,-0.02564270794391632,0.05877145007252693
74100,-0.005528909619897604,0.09510225057601929
74150,0.025626130402088165,0.09510975331068039
74200,0.04118170589208603,0.058786164969205856
74250,0.06150269880890846,1.168754624814028e-05
74300,0.06388144940137863,-0.058772195130586624
74350,0.038404740393161774,-0.09510253369808197
74400,-0.04451797530055046,-0.0951094701886177
74450,-0.07684260606765747,-0.058785416185855865
74500,-0.07527144253253937,-1.0776519957289565e-05
74550,-0.044147565960884094,0.05876797437667847
74600,-0.017183152958750725,0.09510280936956406
74650,0.061886806041002274,0.09510919451713562
74700,0.05711822956800461,0.05878962203860283
74750,0.07299971580505371,9.913035682984628e-06
74800,0.05846688896417618,-0.058768726885318756
74850,0.013091719709336758,-0.09510309249162674
74900,-0.041738614439964294,-0.09510891139507294
74950,-0.06944391876459122,-0.058788884431123734
75000,-0.07926757633686066,-8.964539119915571e-06
75050,-0.06326988339424133,0.05876944214105606
75100,-0.003711287397891283,0.0951014831662178
75150,0.02882685884833336,0.09510862827301025
75200,0.07140404731035233,0.05878816917538643
75250,0.08231259137392044,8.096161764115095e-06
75300,0.057071752846241,-0.05877019092440605
75350,0.010771592147648335,-0.09510176628828049
75400,-0.023406019434332848,-0.09510835260152817
75450,-0.07316279411315918,-0.05878741666674614
75500,-0.08332071453332901,-1.3256073543743696e-05
75550,-0.03186305984854698,0.058770906180143356
75600,-0.016946295276284218,0.09510204195976257
75650,0.014288944192230701,0.09510806947946548
75700,0.06365551799535751,0.05878669023513794
75750,0.04575926065444946,1.2360034816083498e-05
75800,0.06477831304073334,-0.058771658688783646
75850,0.04173213988542557,-0.09510233253240585
75900,-0.029997196048498154,-0.09510967135429382
75950,-0.07420456409454346,-0.058785952627658844
76000,-0.07614696770906448,-1.1444091796875e-05
76050,-0.07039087265729904,0.05876743793487549
76100,0.010484609752893448,0.09510260075330734
76150,0.05395306274294853,0.09510939568281174
76200,0.07331209629774094,0.05878523737192154
76250,0.0700286328792572,1.05430763142067e-05
76300,0.030823227018117905,-0.05876819044351578
76350,0.010720901191234589,-0.09510289132595062
76400,-0.05995018035173416,-0.09510912001132965
76450,-0.06464507430791855,-0.05878942832350731
76500,-0.05998371168971062,-9.632110959501006e-06
76550,-0.06803730130195618,0.05876890569925308
76600,-0.010275446809828281,0.09510316699743271
76650,0.04542563855648041,0.09510884433984756
76700,0.07329949736595154,0.05878869816660881
76750,0.08070585876703262,8.745504601392895e-06
76800,0.041390154510736465,-0.058769650757312775
76850,0.0008767935214564204,-0.09510156512260437
76900,-0.024473151192069054,-0.09510856121778488
76950,-0.02109270542860031,-0.058787960559129715
77000,-0.07989700138568878,-1.392364538332913e-05
77050,-0.06330814212560654,0.05877036973834038
77100,-0.049788445234298706,0.09510184079408646
77150,0.024936256930232048,0.0951082855463028
77200,0.07783979177474976,0.058787234127521515
77250,0.09175107628107071,1.3032532478973735e-05
77300,0.06250447034835815,-0.05877111479640007
77350,0.021997468546032906,-0.09510212391614914
77400,-0.016530344262719154,-0.09510987997055054
77450,-0.06717365980148315,-0.05878649279475212
77500,-0.08937852084636688,-1.2111663636460435e-05
77550,-0.05282378941774368,0.058771830052137375
77600,-0.018857868388295174,0.09510239213705063
77650,0.006812978070229292,0.09510960429906845
77700,0.05853304639458656,0.05878576636314392
77750,0.06640360504388809,1.123864967667032e-05
77800,0.06967437267303467,-0.0587676465511322
77850,0.005225451197475195,-0.0951026901602745
77900,-0.04911866784095764,-0.09510932117700577
77950,-0.030824728310108185,-0.05878996476531029
78000,-0.054761096835136414,-1.029968279908644e-05
78050,-0.0637606680393219,0.05876836180686951
78100,-0.013820013031363487,0.095102958381176
78150,0.020715488120913506,0.09510904550552368
78200,0.04570794105529785,0.05878924950957298
78250,0.06634986400604248,9.421730283065699e-06
78300,0.06988198310136795,-0.058769114315509796
78350,0.006308367475867271,-0.09510136395692825
78400,-0.01877366192638874,-0.095108762383461
78450,-0.06807757914066315,-0.058788497000932693
78500,-0.07492250949144363,-8.487701961712446e-06
78550,-0.037967585027217865,0.0587698295712471
78600,-0.02891205996274948,0.09510163217782974
78650,0.03748798742890358,0.09510849416255951
78700,0.06332085281610489,0.05878778174519539
78750,0.10276848077774048,1.3685712474398315e-05
78800,0.03046472743153572,-0.05877057462930679
78850,0.022067056968808174,-0.09510191529989243
78900,-0.04703616723418236,-0.09510820358991623
78950,-0.09430618584156036,-0.0587870292365551
79000,-0.06870297342538834,-1.2779236385540571e-05
79050,-0.057716548442840576,0.058771293610334396
79100,0.00667249271646142,0.09510219097137451
79150,0.03599128872156143,0.09510981291532516
79200,0.06181276589632034,0.058786313980817795
79250,0.07713983207941055,1.18880334412097e-05
79300,0.07265029102563858,-0.05876709148287773
79350,0.04638657718896866,-0.0951024740934372
79400,-0.060407623648643494,-0.09510952979326248
79450,-0.0646810233592987,-0.0587855689227581
79500,-0.09079870581626892,-1.0967254638671875e-05
79550,-0.056913822889328,0.05876782163977623
79600,-0.013332867063581944,0.09510274976491928
79650,0.02784709446132183,0.0951092541217804
79700,0.0681530088186264,0.05878978967666626
79750,0.06656649708747864,1.0094189747178461e-05
79800,0.06346078217029572,-0.05876857042312622
79850,0.01975475810468197,-0.09510303288698196
79900,-0.03874626383185387,-0.09510897099971771
79950,-0.10043122619390488,-0.05878904089331627
80000,-0.0776776447892189,-9.15527380129788e-06
80050,-0.0426170788705349,0.058769285678863525
80100,0.006502609234303236,0.09510142356157303
80150,0.051374342292547226,0.09510868787765503
80200,0.06191973015666008,0.058788325637578964
80250,0.08386923372745514,1.4381325854628813e-05
80300,0.047359026968479156,-0.058770038187503815
80350,0.018121469765901566,-0.09510170668363571
80400,-0.041303250938653946,-0.09510841220617294
80450,-0.05114360153675079,-0.058787573128938675
80500,-0.07944270223379135,-1.3446808225126006e-05
80550,-0.06519219279289246,0.05877075344324112
80600,-0.03680102154612541,0.0951019823551178
80650,0.03105475939810276,0.09511002153158188
80700,0.07039784640073776,0.05878685787320137
80750,0.08362459391355515,1.256429823115468e-05
80800,0.05287429317831993,-0.058771517127752304
80850,-0.010698167607188225,-0.09510226547718048
80900,-0.016168862581253052,-0.0951097384095192
80950,-0.0486355759203434,-0.05878610536456108
81000,-0.06434736400842667,-1.163482647825731e-05
81050,-0.043825775384902954,0.05876728519797325
81100,-0.030203023925423622,0.09510254114866257
81150,0.029360566288232803,0.09510946273803711
81200,0.057671498507261276,0.05879032611846924
81250,0.0767984613776207,1.0766658306238241e-05
81300,0.06481284648180008,-0.05876803398132324
81350,0.008884377777576447,-0.09510283172130585
81400,-0.027874108403921127,-0.09510917961597443
81450,-0.07321542501449585,-0.058789581060409546
81500,-0.0932265892624855,-9.822845640883315e-06
81550,-0.04776468500494957,0.05876874923706055
81600,0.003400035435333848,0.09510121494531631
81650,0.029573535546660423,0.09511078894138336
81700,0.07440600544214249,0.05878392606973648
81750,0.06317134201526642,8.934202014643233e-06
81800,0.04094730690121651,-0.058769483119249344
81850,0.028183534741401672,-0.095101498067379
81900,-0.02476644143462181,-0.09511049836874008
81950,-0.053916335105895996,-0.05878317356109619
82000,-0.07935614138841629,-8.010864803509321e-06
82050,-0.05269486829638481,0.05877021700143814
82100,-0.02411358430981636,0.09510177373886108
82150,0.02078663557767868,0.09511023014783859
82200,0.04766162112355232,0.05879233404994011
82250,0.07619833946228027,7.136687145248288e-06
82300,0.0767236053943634,-0.05877096205949783
82350,0.01893419772386551,-0.09510206431150436
82400,-0.054557885974645615,-0.09510993957519531
82450,-0.06335361301898956,-0.05879158526659012
82500,-0.059960026293992996,-6.198883056640625e-06
82550,-0.051649682223796844,0.058771681040525436
82600,-0.02131691202521324,0.09510233253240585
82650,0.04820266738533974,0.09510966390371323
82700,0.05556505173444748,0.05879085883498192
82750,0.09645934402942657,1.7539747204864398e-05
82800,0.03747101128101349,-0.05877241492271423
82850,0.0027883027214556932,-0.09510262310504913
82900,-0.04148770123720169,-0.09510938078165054
82950,-0.06447114795446396,-0.058790117502212524
83000,-0.07057066261768341,-1.659393274167087e-05
83050,-0.049318429082632065,0.05877314880490303
83100,-0.006995074916630983,0.09510289877653122
83150,0.02866685763001442,0.09510911256074905
83200,0.058590397238731384,0.058789391070604324
83250,0.06404708325862885,1.570705535414163e-05
83300,0.06790636479854584,-0.0587640106678009
83350,0.039139751344919205,-0.0951031893491745
83400,-0.05660136789083481,-0.09510882198810577
83450,-0.08426621556282043,-0.05878865346312523
83500,-0.07943873107433319,-1.4781951904296875e-05
83550,-0.044898826628923416,0.058764733374118805
83600,-0.008015611208975315,0.09510345757007599
83650,0.03536381945014,0.09510853886604309
83700,0.07675615698099136,0.05878792330622673
83750,0.06917352974414825,1.390930719935568e-05
83800,0.06300026923418045,-0.0587654784321785
83850,0.01957802288234234,-0.09510374069213867
83900,-0.038161277770996094,-0.095108263194561
83950,-0.06239142268896103,-0.058787185698747635
84000,-0.06652721017599106,-1.296997106692288e-05
84050,-0.08859070390462875,0.0587661974132061
84100,-0.005748932249844074,0.09510024636983871
84150,0.04244237765669823,0.09510799497365952
84200,0.07308309525251389,0.058786459267139435
84250,0.07085525989532471,1.2076740858901758e-05
84300,0.05330917611718178,-0.05876694247126579
84350,0.008970936760306358,-0.0951005220413208
84400,-0.039151228964328766,-0.09510769695043564
84450,-0.06739577651023865,-0.05878571793437004
84500,-0.07344663143157959,-1.1157989320054185e-05
84550,-0.05509517714381218,0.058767665177583694
84600,-0.018276812508702278,0.09510080516338348
84650,0.025416899472475052,0.0951111912727356
84700,0.06925520300865173,0.05878499895334244
84750,0.06826017796993256,1.0279118214384653e-05
84800,0.0722440555691719,-0.05876840278506279
84850,0.007443152368068695,-0.09510108828544617
84900,-0.027195315808057785,-0.09511091560125351
84950,-0.05200878903269768,-0.058784253895282745
85000,-0.07858351618051529,-9.34600848268019e-06
85050,-0.028566578403115273,0.05876913294196129
85100,-0.014896172098815441,0.09510137140750885
85150,0.023477789014577866,0.09511063992977142
85200,0.05521472170948982,0.058783531188964844
85250,0.07158204168081284,8.462231562589295e-06
85300,0.06440222263336182,-0.05876988172531128
85350,0.0048542991280555725,-0.09510164707899094
85400,-0.03461483493447304,-0.09511034935712814
85450,-0.07732609659433365,-0.058792661875486374
85500,-0.0733669251203537,-7.534027190558845e-06
85550,-0.0500788576900959,0.058770596981048584
85600,-0.003979155793786049,0.09510192275047302
85650,0.040021125227212906,0.09511007368564606
85700,0.059928759932518005,0.05879194661974907
85750,0.06008907034993172,6.649180704698665e-06
85800,0.04911661893129349,-0.05877136066555977
85850,0.030732421204447746,-0.0951022133231163
85900,-0.047212760895490646,-0.09510979056358337
85950,-0.03472514450550079,-0.05879119783639908
86000,-0.08087257295846939,-1.7929078239831142e-05
86050,-0.07297856360673904,0.05877206474542618
86100,-0.012693803757429123,0.09510248154401779
86150,0.02832692861557007,0.09510951489210129
86200,0.058412790298461914,0.058790482580661774
86250,0.09129821509122849,1.7052143448381685e-05
86300,0.06465144455432892,-0.05877282842993736
86350,0.015444809570908546,-0.09510277211666107
86400,-0.02751866914331913,-0.0951092317700386
86450,-0.07648735493421555,-0.058789730072021484
86500,-0.07181219011545181,-1.6117095583467744e-05
86550,-0.0392145998775959,0.05876365303993225
86600,-0.0157858245074749,0.09510304778814316
86650,0.022220151498913765,0.09510895609855652
86700,0.0478510782122612,0.05878901481628418
86750,0.08392813056707382,1.5235023056447972e-05
86800,0.05305953323841095,-0.05876440927386284
86850,0.014028625562787056,-0.09510333091020584
86900,-0.03191816434264183,-0.09510868042707443
86950,-0.08102816343307495,-0.05878826975822449
87000,-0.07844353467226028,-1.430511474609375e-05
87050,-0.04930173605680466,0.058765120804309845
87100,-0.00035945139825344086,0.09510360658168793
87150,0.04607374593615532,0.09510840475559235
87200,0.046000368893146515,0.05878755450248718
87250,0.06053491681814194,1.3421738003671635e-05
87300,0.0568435899913311,-0.05876587703824043
87350,0.02965974062681198,-0.09510011970996857
87400,-0.04682352766394615,-0.09510811418294907
87450,-0.06904766708612442,-0.05878680571913719
87500,-0.08304110914468765,-1.2493133908719756e-05
87550,-0.051453929394483566,0.05876658484339714
87600,-0.006657608784735203,0.09510039538145065
87650,0.04818844795227051,0.09510783851146698
87700,0.07028818130493164,0.05878609046339989
87750,0.07712921500205994,1.1604742212512065e-05
87800,0.05350474268198013,-0.05876733735203743
87850,0.01788964495062828,-0.09510067850351334
87900,-0.041655316948890686,-0.09511132538318634
87950,-0.04915165901184082,-0.0587853379547596
88000,-0.08870997279882431,-1.068115216185106e-05
88050,-0.08627871423959732,0.058768052607774734
88100,-0.0023708019871264696,0.09510095417499542
88150,0.05849924683570862,0.09511104971170425
88200,0.06061062589287758,0.05878462269902229
88250,0.08811429888010025,9.787809176486917e-06
88300,0.04272956773638725,-0.058768805116415024
88350,0.02119220420718193,-0.0951012372970581
88400,-0.045785997062921524,-0.09511076658964157
88450,-0.039431650191545486,-0.058783870190382004
88500,-0.07687737047672272,-8.869171324477065e-06
88550,-0.06658443808555603,0.05876952037215233
88600,-0.0381949208676815,0.09510151296854019
88650,0.010343950241804123,0.09511049836874008
88700,0.07209168374538422,0.05879301577806473
88750,0.09355194866657257,7.974712389113847e-06
88800,0.05843864008784294,-0.05877026915550232
88850,0.020640920847654343,-0.09510179609060287
88900,-0.027309872210025787,-0.0951102077960968
88950,-0.062475766986608505,-0.05879228189587593
89000,-0.08451701700687408,-7.05719003235572e-06
89050,-0.044952474534511566,0.058770984411239624
89100,-0.020595207810401917,0.09510207176208496
89150,0.026750076562166214,0.09510993212461472
89200,0.06099648028612137,0.058791548013687134
89250,0.05775737762451172,1.8377941159997135e-05
89300,0.07268320769071579,-0.05877173691987991
89350,-0.00909347739070654,-0.09510235488414764
89400,-0.03252434730529785,-0.09510964900255203
89450,-0.043477755039930344,-0.05879081413149834
89500,-0.0558040514588356,-1.7452241081628017e-05
89550,-0.06859022378921509,0.05877245217561722
89600,-0.00697391526773572,0.09510263055562973
89650,0.022877922281622887,0.09510937333106995
89700,0.0695638433098793,0.05879008769989014
89750,0.08296725898981094,1.6560774383833632e-05
89800,0.054754432290792465,-0.05876332148909569
89850,-0.008565285243093967,-0.09510292112827301
89900,-0.036784399300813675,-0.09510908275842667
89950,-0.06356071680784225,-0.05878935009241104
90000,-0.07417337596416473,-1.564025842526462e-05
90050,-0.04679269716143608,0.05876404047012329
90100,-0.015887469053268433,0.0951031967997551
90150,0.028704330325126648,0.09510880708694458
90200,0.06006699427962303,0.05878862366080284
90250,0.09690102189779282,1.4747442037332803e-05
90300,0.05502898991107941,-0.058764781802892685
90350,0.022197142243385315,-0.09510347247123718
90400,-0.04744693264365196,-0.0951085314154625
90450,-0.08787717670202255,-0.05878788232803345
90500,-0.07649398595094681,-1.3828277587890625e-05
90550,-0.027465976774692535,0.058765508234500885
90600,-0.016294918954372406,0.09509997814893723
90650,0.03920532017946243,0.09510824829339981
90700,0.051973626017570496,0.05878715589642525
90750,0.09319739788770676,1.2930399861943442e-05
90800,0.05036085471510887,-0.05876624584197998
90850,0.011799001134932041,-0.09510026127099991
90900,-0.03855191916227341,-0.09510796517133713
90950,-0.06045534834265709,-0.05878641828894615
91000,-0.07726450264453888,-1.201629675051663e-05
91050,-0.07045524567365646,0.05876697227358818
91100,-0.008276293985545635,0.09510054439306259
91150,0.025660112500190735,0.09511147439479828
91200,0.06846883893013,0.05878568813204765
91250,0.06978023052215576,1.113274811359588e-05
91300,0.06723769009113312,-0.058767713606357574
91350,0.022125571966171265,-0.09510081261396408
91400,-0.04331791400909424,-0.095111183822155
91450,-0.09135739505290985,-0.05878495052456856
91500,-0.08183115720748901,-1.0204315003647935e-05
91550,-0.03182666748762131,0.058768440037965775
91600,0.011842628009617329,0.09510110318660736
91650,0.03782789781689644,0.09511090070009232
91700,0.05705555900931358,0.05878422409296036
91750,0.06406411528587341,9.300278179580346e-06
91800,0.05638687685132027,-0.058769192546606064
91850,0.006282993126660585,-0.09510138630867004
91900,-0.026296701282262802,-0.09511061757802963
91950,-0.062442708760499954,-0.058793362230062485
92000,-0.07005941867828369,-8.39233416627394e-06
92050,-0.05586424469947815,0.05876990780234337
92100,-0.0016944474773481488,0.09510166198015213
92150,0.02737921103835106,0.09511034935712814
92200,0.05547628551721573,0.05879264697432518
92250,0.07470149546861649,7.502750122512225e-06
92300,0.05907125771045685,-0.05877065286040306
92350,0.01685619354248047,-0.09510194510221481
92400,-0.016873234882950783,-0.09511005878448486
92450,-0.07007736712694168,-0.05879189446568489
92500,-0.08024390041828156,-1.8787384760798886e-05
92550,-0.07655562460422516,0.058771371841430664
92600,-0.03045934997498989,0.0951022207736969
92650,0.039368510246276855,0.09510978311300278
92700,0.05844544246792793,0.058791179209947586
92750,0.07805413007736206,1.7928983652382158e-05
92800,0.06906717270612717,-0.058772116899490356
92850,0.019670747220516205,-0.09510251134634018
92900,-0.04795705899596214,-0.0951094999909401
92950,-0.054738882929086685,-0.0587904267013073
93000,-0.08389366418123245,-1.6975403923424892e-05
93050,-0.04068872332572937,0.058762963861227036
93100,-0.017971668392419815,0.09510277956724167
93150,0.041146233677864075,0.09510922431945801
93200,0.05670616403222084,0.05878971144556999
93250,0.07008729130029678,1.6073179722297937e-05
93300,0.06844247132539749,-0.058763712644577026
93350,0.009666046127676964,-0.09510307013988495
93400,-0.03734619915485382,-0.09510894119739532
93450,-0.05215909332036972,-0.05878896266222
93500,-0.06635944545269012,-1.5163422176556196e-05
93550,-0.06263907253742218,0.05876442790031433
93600,-0.0050399815663695335,0.09510334581136703
93650,0.022249026224017143,0.09510866552591324
93700,0.056669291108846664,0.0587882474064827
93750,0.069826140999794,1.429851727152709e-05
93800,0.05075443163514137,-0.058765169233083725
93850,0.022148551419377327,-0.09509985148906708
93900,-0.039796020835638046,-0.09510838240385056
93950,-0.052127473056316376,-0.05878749489784241
94000,-0.07888670265674591,-1.33514404296875e-05
94050,-0.04890592023730278,0.058765895664691925
94100,-0.012338424101471901,0.09510012716054916
94150,0.026115937158465385,0.09510811418294907
94200,0.059892792254686356,0.0587867796421051
94250,0.08487719297409058,1.2481492376537062e-05
94300,0.0624048188328743,-0.058766644448041916
94350,0.008746752515435219,-0.09510041028261185
94400,-0.032221149653196335,-0.09511159360408783
94450,-0.07503381371498108,-0.05878603085875511
94500,-0.06791500747203827,-1.1539459592313506e-05
94550,-0.046066202223300934,0.05876735970377922
94600,-0.016344323754310608,0.09510068595409393
94650,0.038399837911129,0.09511131048202515
94700,0.056199781596660614,0.05878530070185661
94750,0.09105232357978821,1.0645204383763485e-05
94800,0.04678511247038841,-0.058768101036548615
94850,0.0018617291934788227,-0.09510097652673721
94900,-0.032391373068094254,-0.09511103481054306
94950,-0.0742192491889,-0.05879443883895874
95000,-0.07263427972793579,-9.72747784544481e-06
95050,-0.058580413460731506,0.058768827468156815
95100,0.0021791192702949047,0.0951012521982193
95150,0.037032559514045715,0.09511075168848038
95200,0.05320573225617409,0.058793723583221436
95250,0.07062029093503952,8.8283040895476e-06
95300,0.059939827769994736,-0.05876957252621651
95350,0.030174873769283295,-0.09510152786970139
95400,-0.05816984921693802,-0.0951104685664177
95450,-0.07445000857114792,-0.058792974799871445
95500,-0.08992212265729904,-7.915497008070815e-06
95550,-0.03577767312526703,0.05877029523253441
95600,-0.013256738893687725,0.09510181099176407
95650,0.03797757253050804,0.0951102003455162
95700,0.07598447799682617,0.05879225954413414
95750,0.07255764305591583,1.9254801372881047e-05
95800,0.05370822921395302,-0.05877102538943291
95850,0.04428234323859215,-0.09510209411382675
95900,-0.02878654934465885,-0.09510990977287292
95950,-0.06690073758363724,-0.05879150703549385
96000,-0.0872226431965828,-1.831054760259576e-05
96050,-0.08518464118242264,0.058771755546331406
96100,-0.011244134977459908,0.09510236233472824
96150,0.04395404830574989,0.09510964155197144
96200,0.05133179947733879,0.058790791779756546
96250,0.07880285382270813,1.744137807691004e-05
96300,0.06438324600458145,-0.05876262113451958
96350,0.032797638326883316,-0.09510264545679092
96400,-0.058385517448186874,-0.09510935097932816
96450,-0.04921729117631912,-0.05879003927111626
96500,-0.07568002492189407,-1.6498566765221767e-05
96550,-0.05976739525794983,0.05876334384083748
96600,-0.02040974795818329,0.09510292857885361
96650,0.01423940621316433,0.09510906785726547
96700,0.0758293867111206,0.05878932401537895
96750,0.08124824613332748,1.56242440425558e-05
96800,0.05632052943110466,-0.05876408889889717
96850,0.0031513599678874016,-0.09510321170091629
96900,-0.028062427416443825,-0.09510879218578339
96950,-0.07126402109861374,-0.05878857523202896
97000,-0.07603943347930908,-1.4686585018353071e-05
97050,-0.02086172252893448,0.05876481160521507
97100,-0.011400370858609676,0.09509970992803574
97150,0.025021055713295937,0.0951085165143013
97200,0.04688476398587227,0.058787859976291656
97250,0.0597514882683754,1.3807172763335984e-05
97300,0.07075280696153641,-0.058765556663274765
97350,0.02176135778427124,-0.09510000795125961
97400,-0.03759254142642021,-0.09510823339223862
97450,-0.07852508872747421,-0.05878710746765137
97500,-0.06667263060808182,-1.2874603271484375e-05
97550,-0.0638473629951477,0.05876627564430237
97600,0.0020833436865359545,0.0951002761721611
97650,0.030959175899624825,0.09511172771453857
97700,0.07072646915912628,0.05878639221191406
97750,0.05576328933238983,1.1993936823273543e-05
97800,0.05819796398282051,-0.05876702815294266
97850,0.022979360073804855,-0.09510055929422379
97900,-0.029711278155446053,-0.09511144459247589
97950,-0.062316615134477615,-0.05878564715385437
98000,-0.0768623948097229,-1.106262243411038e-05
98050,-0.07322296500205994,0.05876774340867996
98100,-0.008647577837109566,0.09510083496570587
98150,0.03152823448181152,0.0951111689209938
98200,0.0643860325217247,0.05879480391740799
98250,0.07605476677417755,1.0176990144827869e-05
98300,0.06526034325361252,-0.05876849219202995
98350,0.0027536603156477213,-0.09510111808776855
98400,-0.024924857541918755,-0.09511088579893112
98450,-0.07879040390253067,-0.0587940514087677
98500,-0.06098044663667679,-9.250640687241685e-06
98550,-0.048304930329322815,0.05876920744776726
98600,-0.0073425923474133015,0.09510139375925064
98650,0.044733621180057526,0.09511061757802963
98700,0.036978829652071,0.058793336153030396
98750,0.08003091812133789,8.340781278093345e-06
98800,0.05414522439241409,-0.05876997113227844
98850,0.010232512839138508,-0.09510167688131332
98900,-0.06292299181222916,-0.09511031955480576
98950,-0.07841292023658752,-0.058792587369680405
99000,-0.07095766067504883,-1.964569128176663e-05
99050,-0.03316700458526611,0.05877067521214485
99100,0.0019072005525231361,0.09510195255279541
99150,0.029055854305624962,0.09511005133390427
99200,0.06988800317049026,0.0587918721139431
99250,0.08940999209880829,1.8767183064483106e-05
99300,0.07284228503704071,-0.058771438896656036
99350,0.005595831200480461,-0.09510224312543869
99400,-0.036577362567186356,-0.09510976821184158
99450,-0.05680195614695549,-0.05879111960530281
99500,-0.09556315839290619,-1.7833710444392636e-05
99550,-0.052194226533174515,0.058762263506650925
99600,-0.020145490765571594,0.09510251134634018
99650,0.03744366392493248,0.0951094925403595
99700,0.0661931037902832,0.058790404349565506
99750,0.06236235052347183,1.6950003555393778e-05
99800,0.05353495478630066,-0.05876302346587181
99850,0.04671252518892288,-0.09510280936956406
99900,-0.04276946559548378,-0.09510920196771622
99950,-0.0657343715429306,-0.058789659291505814
