0,-4.426003943081014e-05,0
50,-0.004241173155605793,0.0707106739282608
100,-0.009224162437021732,0.10000000149011612
150,0.04934719577431679,0.0707106813788414
200,0.09022150188684464,5.135801117717165e-08
250,0.050182927399873734,-0.07071065157651901
300,-0.0076593803241848946,-0.10000000149011612
350,-0.057547248899936676,-0.07071070373058319
400,-0.08297114819288254,-4.7683716530855236e-08
450,-0.059221044182777405,0.07071063667535782
500,0.006608343217521906,0.10000000149011612
550,0.06914475560188293,0.07071074843406677
600,0.07854858040809631,8.171662813083458e-08
650,0.037563104182481766,-0.07071060687303543
700,0.005405085626989603,-0.10000000149011612
750,-0.05799267441034317,-0.07071077078580856
800,-0.08180655539035797,-9.536743306171047e-08
850,-0.07421870529651642,0.07071063667535782
900,0.013755674473941326,0.10000000149011612
950,0.0658784732222557,0.07071074843406677
1000,0.09008251875638962,1.838257048802916e-07
1050,0.05199498310685158,-0.07071054726839066
1100,-0.028583841398358345,-0.10000000149011612
1150,-0.05719829723238945,-0.07071077078580856
1200,-0.07496639341115952,-9.536743306171047e-08
1250,-0.04951971396803856,0.07071063667535782
1300,-0.00653879065066576,0.10000000149011612
1350,0.06652175635099411,0.07071081548929214
1400,0.08766645193099976,1.838257048802916e-07
1450,0.03966185450553894,-0.07071060687303543
1500,-0.009668121114373207,-0.10000000149011612
1550,-0.049323275685310364,-0.07071083784103394
1600,-0.07531733065843582,-1.9073486612342094e-07
1650,-0.06602242588996887,0.07071056962013245
1700,0.00014390733849722892,0.10000000149011612
1750,0.06612556427717209,0.07071087509393692
1800,0.09341884404420853,2.666094758296822e-07
1850,0.04280688986182213,-0.07071054726839066
1900,-0.018176963552832603,-0.10000000149011612
1950,-0.05517803132534027,-0.07071090489625931
2000,-0.07051778584718704,-2.8610230629055877e-07
2050,-0.06018879637122154,0.07071050256490707
2100,0.0030481608118861914,0.10000000149011612
2150,0.05203153192996979,0.07071081548929214
2200,0.09029605984687805,3.6494299138212227e-07
2250,0.044847749173641205,-0.07071060687303543
2300,-0.006562001537531614,-0.10000000149011612
2350,-0.04962199926376343,-0.07071097195148468
2400,-0.08872749656438828,-1.9073486612342094e-07
2450,-0.06144757196307182,0.0707104355096817
2500,-0.0004021011118311435,0.10000000149011612
2550,0.07526946067810059,0.07071087509393692
2600,0.08031901717185974,4.477270465486072e-07
2650,0.04495843127369881,-0.07071054726839066
2700,-0.005191111005842686,-0.10000000149011612
2750,-0.0551292821764946,-0.07071103900671005
2800,-0.07652757316827774,-2.8610230629055877e-07
2850,-0.06980397552251816,0.07071036100387573
2900,0.006864721886813641,0.10000000149011612
2950,0.060109999030828476,0.07071094959974289
3000,0.09354196488857269,5.498368409462273e-07
3050,0.046679865568876266,-0.07071049511432648
3100,-0.012750236317515373,-0.10000000149011612
3150,-0.04918251931667328,-0.07071083784103394
3200,-0.0849742591381073,-3.814697322468419e-07
3250,-0.06447969377040863,0.07071029394865036
3300,0.0034010629169642925,0.10000001639127731
3350,0.07440782338380814,0.07071101665496826
3400,0.08857041597366333,2.666094758296822e-07
3450,0.0332241915166378,-0.07071041315793991
3500,-0.015845680609345436,-0.10000000149011612
3550,-0.0396297350525856,-0.07071090489625931
3600,-0.07328461855649948,-4.76837158203125e-07
3650,-0.07668987661600113,0.07071050256490707
3700,-0.0010877503082156181,0.10000000149011612
3750,0.07564052194356918,0.07071109861135483
3800,0.09121677279472351,3.6494299138212227e-07
3850,0.04442066326737404,-0.07071035355329514
3900,-0.018812982365489006,-0.10000000149011612
3950,-0.053723450750112534,-0.07071097195148468
4000,-0.07694924622774124,-5.722046125811175e-07
4050,-0.06084906682372093,0.0707104355096817
4100,0.007232788018882275,0.10000000149011612
4150,0.06859474629163742,0.07071087509393692
4200,0.09095322340726852,8.13740371086169e-07
4250,0.03401041030883789,-0.07071027904748917
4300,-0.01501123420894146,-0.10000000149011612
4350,-0.04752408713102341,-0.07071130722761154
4400,-0.07367772608995438,-6.675720101156912e-07
4450,-0.06135018542408943,0.07071036100387573
4500,-0.0003046926867682487,0.10000000149011612
4550,0.070005401968956,0.07071121782064438
4600,0.07969917356967926,5.498368409462273e-07
4650,0.04067520424723625,-0.07071049511432648
4700,-0.009057149291038513,-0.10000000149011612
4750,-0.05286514386534691,-0.07071110606193542
4800,-0.08301088213920593,-3.814697322468419e-07
4850,-0.056490812450647354,0.07071002572774887
4900,0.01752624846994877,0.10000000149011612
4950,0.0617697648704052,0.07071101665496826
5000,0.07398415356874466,2.666094758296822e-07
5050,0.033595796674489975,-0.07071013748645782
5100,0.011038686148822308,-0.10000000149011612
5150,-0.04773668199777603,-0.07071090489625931
5200,-0.09016639739274979,-8.583069188716763e-07
5250,-0.06751033663749695,0.07071023434400558
5300,0.012186774052679539,0.10000000149011612
5350,0.07596498727798462,0.07071136683225632
5400,0.0736093744635582,7.309556053769484e-07
5450,0.042837657034397125,-0.07071035355329514
5500,-0.0012611399870365858,-0.10000000149011612
5550,-0.05464201793074608,-0.07071124762296677
5600,-0.0866292342543602,-5.722046125811175e-07
5650,-0.058935023844242096,0.0707104355096817
5700,0.01537714246660471,0.10000000149011612
5750,0.05931263417005539,0.0707111582159996
5800,0.07760445773601532,4.477270465486072e-07
5850,0.047314561903476715,-0.07071000337600708
5900,-0.0018301098607480526,-0.10000000149011612
5950,-0.04957237094640732,-0.07071103900671005
6000,-0.09441021084785461,-1.0490417707842425e-06
6050,-0.05600722134113312,0.07071009278297424
6100,0.010016007348895073,0.09999999403953552
6150,0.07365927845239639,0.07071094959974289
6200,0.07221949100494385,9.38952155138395e-07
6250,0.04287882521748543,-0.0707102045416832
6300,-0.0003620241186581552,-0.10000000149011612
6350,-0.059121597558259964,-0.07071137428283691
6400,-0.08094477653503418,-7.629394644936838e-07
6450,-0.055129583925008774,0.07071029394865036
6500,0.012506473809480667,0.10000000149011612
6550,0.05977443978190422,0.07071130722761154
6600,0.07054543495178223,6.712722893098544e-07
6650,0.05921424552798271,-0.07070987671613693
6700,-0.005467669572681189,-0.10000000149011612
6750,-0.05334668979048729,-0.0707111731171608
6800,-0.10123444348573685,-4.76837158203125e-07
6850,-0.05292566865682602,0.0707099661231041
6900,0.014186924323439598,0.09999999403953552
6950,0.07348272949457169,0.07071109861135483
7000,0.07185467332601547,1.1200722838111687e-06
7050,0.042942553758621216,-0.07071006298065186
7100,0.0027594249695539474,-0.10000000149011612
7150,-0.06116857752203941,-0.07071151584386826
7200,-0.08101557940244675,-9.5367431640625e-07
7250,-0.05674271658062935,0.07071016728878021
7300,0.009740378707647324,0.10000000149011612
7350,0.06505338847637177,0.07071142643690109
7400,0.06950483471155167,8.13740371086169e-07
7450,0.05137258768081665,-0.07071027904748917
7500,0.005031830631196499,-0.10000000149011612
7550,-0.05573472008109093,-0.07071130722761154
7600,-0.0955963209271431,-6.675720101156912e-07
7650,-0.05789223685860634,0.07070982456207275
7700,0.01723838970065117,0.09999999403953552
7750,0.071291983127594,0.07071121782064438
7800,0.07475294917821884,1.3011932651352254e-06
7850,0.039967942982912064,-0.07070993632078171
7900,-0.005548529792577028,-0.10000000149011612
7950,-0.048456281423568726,-0.07071110606193542
8000,-0.08208796381950378,-1.144409225162235e-06
8050,-0.06149345263838768,0.07071002572774887
8100,0.0010125057306140661,0.10000000149011612
8150,0.0738431066274643,0.07071154564619064
8200,0.07851600646972656,1.0372870065111783e-06
8250,0.049918901175260544,-0.07071013748645782
8300,-0.00910514872521162,-0.10000000149011612
8350,-0.061580125242471695,-0.07071090489625931
8400,-0.08669646829366684,-1.62124638336536e-06
8450,-0.04899631813168526,0.07070969045162201
8500,0.015610278584063053,0.10000000149011612
8550,0.05843634903430939,0.07071136683225632
8600,0.07773010432720184,7.309556053769484e-07
8650,0.04654819518327713,-0.07071035355329514
8700,-0.0008946516900323331,-0.09999999403953552
8750,-0.05165404826402664,-0.07071178406476974
8800,-0.09427004307508469,-1.3351440202313825e-06
8850,-0.04699661582708359,0.07070989161729813
8900,0.002943039406090975,0.10000000149011612
8950,0.06601248681545258,0.0707111582159996
9000,0.06902492791414261,4.477270465486072e-07
9050,0.060870587825775146,-0.0707094669342041
9100,0.0034630473237484694,-0.10000000149011612
9150,-0.06848058104515076,-0.07071157544851303
9200,-0.09578842669725418,-1.0490417707842425e-06
9250,-0.05665769428014755,0.07071009278297424
9300,0.022746555507183075,0.09999999403953552
9350,0.06967080384492874,0.07071094959974289
9400,0.06568949669599533,1.6903140931390226e-06
9450,0.0473528727889061,-0.07070966809988022
9500,7.164205453591421e-05,-0.09999999403953552
9550,-0.04615546390414238,-0.07071137428283691
9600,-0.09413585066795349,-7.629394644936838e-07
9650,-0.05996507406234741,0.07071029394865036
9700,0.0008614136604592204,0.10000000149011612
9750,0.07415726780891418,0.07071181386709213
9800,0.07821023464202881,1.4264057881518966e-06
9850,0.050819169729948044,-0.07070987671613693
9900,-0.002575806574895978,-0.10000000149011612
9950,-0.06573662161827087,-0.0707111731171608
10000,-0.08656688034534454,-4.76837158203125e-07
10050,-0.04779895767569542,0.07070942223072052
10100,0.007500313688069582,0.10000000149011612
10150,0.06707723438739777,0.0707116350531578
10200,0.073509082198143,1.1200722838111687e-06
10250,0.05531316623091698,-0.07071006298065186
10300,-0.004777870606631041,-0.10000000149011612
10350,-0.0544343926012516,-0.07071205228567123
10400,-0.09252022951841354,-1.7166138377433526e-06
10450,-0.04964957758784294,0.07070962339639664
10500,0.0003539689932949841,0.10000000149011612
10550,0.06963101774454117,0.07071142643690109
10600,0.08419046550989151,8.13740371086169e-07
10650,0.04699091240763664,-0.07071027904748917
10700,-0.00965837948024273,-0.10000000149011612
10750,-0.06695521622896194,-0.07071184366941452
10800,-0.08301212638616562,-1.430511474609375e-06
10850,-0.04124945029616356,0.07070982456207275
10900,0.004970442038029432,0.09999999403953552
10950,0.06667914986610413,0.07071121782064438
11000,0.06943961977958679,2.0794375359400874e-06
11050,0.0592585951089859,-0.07070939242839813
11100,-0.00910036638379097,-0.09999999403953552
11150,-0.059030283242464066,-0.0707116425037384
11200,-0.08952604234218597,-1.144409225162235e-06
11250,-0.047540560364723206,0.07071002572774887
11300,0.005560203921049833,0.10000000149011612
11350,0.06483225524425507,0.07071210443973541
11400,0.0823172852396965,1.7924261328516877e-06
11450,0.056030936539173126,-0.07070960849523544
11500,-0.004527223762124777,-0.10000000149011612
11550,-0.07129703462123871,-0.07071144133806229
11600,-0.08657187968492508,-8.583069188716763e-07
11650,-0.044485077261924744,0.07071023434400558
11700,0.0060697332955896854,0.10000000149011612
11750,0.0677228644490242,0.07071187347173691
11800,0.0653517097234726,1.5091917475729133e-06
11850,0.05391088128089905,-0.07070979475975037
11900,-0.0009235223405994475,-0.10000000149011612
11950,-0.05825740844011307,-0.07071124762296677
12000,-0.09353671967983246,-2.098083541568485e-06
12050,-0.05306949466466904,0.07070935517549515
12100,0.011447393335402012,0.10000000149011612
12150,0.07404118031263351,0.07071168720722198
12200,0.07705208659172058,1.2028576747979969e-06
12250,0.045784201472997665,-0.07071000337600708
12300,-0.017345745116472244,-0.10000000149011612
12350,-0.05331593379378319,-0.0707121193408966
12400,-0.080083929002285,-1.8119811784345075e-06
12450,-0.048520397394895554,0.07070955634117126
12500,-0.00780961150303483,0.10000000149011612
12550,0.07887647300958633,0.07071148604154587
12600,0.07936570048332214,9.38952155138395e-07
12650,0.050717227160930634,-0.07070912420749664
12700,-0.003736184211447835,-0.10000000149011612
12750,-0.07075338065624237,-0.07071191817522049
12800,-0.08553571999073029,-1.5258789289873675e-06
12850,-0.05181477591395378,0.07070975750684738
12900,0.014637785963714123,0.10000000149011612
12950,0.06708507239818573,0.07071130722761154
13000,0.07541444897651672,2.158449206035584e-06
13050,0.05616897717118263,-0.07070931792259216
13100,-0.00810889434069395,-0.10000000149011612
13150,-0.06235838308930397,-0.07071171700954437
13200,-0.08718464523553848,-1.2397766795402276e-06
13250,-0.04162691906094551,0.0707099661231041
13300,0.0034276230726391077,0.09999999403953552
13350,0.061441898345947266,0.07071216404438019
13400,0.07035195082426071,1.8752127743937308e-06
13450,0.057263702154159546,-0.07070954889059067
13500,0.00569447735324502,-0.09999999403953552
13550,-0.06385660916566849,-0.07071151584386826
13600,-0.08897006511688232,-9.5367431640625e-07
13650,-0.05334983021020889,0.07070907950401306
13700,0.010582063347101212,0.10000000149011612
13750,0.07452663034200668,0.07071195542812347
13800,0.06870899349451065,1.5688765415688977e-06
13850,0.04710579290986061,-0.07070973515510559
13900,-0.0067217000760138035,-0.10000000149011612
13950,-0.05783403664827347,-0.0707123875617981
14000,-0.0810779482126236,-2.19345088225964e-06
14050,-0.05343516916036606,0.07070928066968918
14100,0.004437435884028673,0.10000000149011612
14150,0.06239401921629906,0.07071175426244736
14200,0.07859069854021072,1.3011932651352254e-06
14250,0.05099235475063324,-0.07070993632078171
14300,0.0013848671223968267,-0.10000000149011612
14350,-0.060045480728149414,-0.07071218639612198
14400,-0.09124892950057983,-1.9073486328125e-06
14450,-0.04941186681389809,0.07070948928594589
14500,0.0069445837289094925,0.10000000149011612
14550,0.07094778120517731,0.07071154564619064
14600,0.06822555512189865,1.0372870065111783e-06
14650,0.052780505269765854,-0.07070906460285187
14700,0.000579802377615124,-0.10000000149011612
14750,-0.060641735792160034,-0.07071198523044586
14800,-0.0854034423828125,-1.62124638336536e-06
14850,-0.05878647416830063,0.07070969045162201
14900,0.012066886760294437,0.10000000149011612
14950,0.05758797749876976,0.07071243226528168
15000,0.0837564542889595,2.2643375814368483e-06
15050,0.05969440937042236,-0.07070926576852798
15100,-0.009037702344357967,-0.09999999403953552
15150,-0.06749191880226135,-0.07071178406476974
15200,-0.08791527152061462,-1.3351440202313825e-06
15250,-0.04225212708115578,0.07070989161729813
15300,0.005219768267124891,0.10000000149011612
15350,0.05875526741147041,0.07071223855018616
15400,0.07713044434785843,1.9579995296226116e-06
15450,0.05963282287120819,-0.0707094669342041
15500,0.0023630475625395775,-0.10000000149011612
15550,-0.06886915117502213,-0.07071157544851303
15600,-0.08730368316173553,-2.57492069977161e-06
15650,-0.05279248580336571,0.07070901244878769
15700,0.012063546106219292,0.09999999403953552
15750,0.057748232036828995,0.07071202993392944
15800,0.07747964560985565,1.6903140931390226e-06
15850,0.06050495058298111,-0.07070966809988022
15900,-0.001545491861179471,-0.09999999403953552
15950,-0.06884519010782242,-0.07071245461702347
16000,-0.08911328762769699,-2.28881845032447e-06
16050,-0.046589408069849014,0.0707092210650444
16100,0.02283836528658867,0.10000000149011612
16150,0.04901428520679474,0.07071181386709213
16200,0.072649285197258,1.4264057881518966e-06
16250,0.04982256889343262,-0.07070879638195038
16300,0.013091593980789185,-0.10000000149011612
16350,-0.06681627035140991,-0.07071225345134735
16400,-0.09079951047897339,-2.0027162008773303e-06
16450,-0.059999819844961166,0.07070942223072052
16500,0.015104682184755802,0.10000000149011612
16550,0.06233036518096924,0.0707116350531578
16600,0.0877142995595932,1.1200722838111687e-06
16650,0.0523856058716774,-0.07071006298065186
16700,-0.011149241589009762,-0.10000000149011612
16750,-0.06622269749641418,-0.07071312516927719
16800,-0.0746939480304718,-3.24249276673072e-06
16850,-0.05552429333329201,0.07070854306221008
16900,0.008246887475252151,0.10000000149011612
16950,0.04947560280561447,0.07071249932050705
17000,0.0914677157998085,2.362675104450318e-06
17050,0.05332140997052193,-0.07070919126272202
17100,0.002925045322626829,-0.10000000149011612
17150,-0.07559166848659515,-0.07071184366941452
17200,-0.0860525444149971,-1.430511474609375e-06
17250,-0.04672844335436821,0.07070982456207275
17300,0.012695285491645336,0.09999999403953552
17350,0.05821453034877777,0.07071121782064438
17400,0.07938704639673233,3.589757170630037e-06
17450,0.05265272408723831,-0.07070831209421158
17500,-0.0006672843010164797,-0.10000000149011612
17550,-0.0722801610827446,-0.07071272283792496
17600,-0.0796576738357544,-2.670288040462765e-06
17650,-0.052839238196611404,0.07070895284414291
17700,0.018787814304232597,0.10000000149011612
17750,0.048059869557619095,0.07071210443973541
17800,0.08341654390096664,1.7924261328516877e-06
17850,0.061935730278491974,-0.07070960849523544
17900,-0.00022989918943494558,-0.10000000149011612
17950,-0.07604701071977615,-0.07071144133806229
18000,-0.08751406520605087,-8.583069188716763e-07
18050,-0.05111980438232422,0.07071023434400558
18100,0.017930185422301292,0.10000000149011612
18150,0.06095920875668526,0.07071297615766525
18200,0.08258051425218582,3.0350449833349558e-06
18250,0.044558849185705185,-0.0707087442278862
18300,0.005688612814992666,-0.10000000149011612
18350,-0.07295636087656021,-0.07071232050657272
18400,-0.0748390257358551,-2.098083541568485e-06
18450,-0.05618464574217796,0.07070935517549515
18500,0.013835499063134193,0.10000000149011612
18550,0.048941534012556076,0.07071168720722198
18600,0.07896360754966736,1.2028576747979969e-06
18650,0.05831248685717583,-0.07071000337600708
18700,0.004883273970335722,-0.10000000149011612
18750,-0.07099756598472595,-0.07071319967508316
18800,-0.08647868782281876,-3.337860107421875e-06
18850,-0.057150643318891525,0.07070847600698471
18900,0.017777087166905403,0.09999999403953552
18950,0.05785205215215683,0.07071256637573242
19000,0.08753516525030136,2.4454627691739006e-06
19050,0.03948481008410454,-0.07070912420749664
19100,-0.005599415861070156,-0.10000000149011612
19150,-0.059338219463825226,-0.07071191817522049
19200,-0.07306423038244247,-1.5258789289873675e-06
19250,-0.057475846260786057,0.07070975750684738
19300,-0.0011013199109584093,0.10000000149011612
19350,0.0639718547463417,0.07071130722761154
19400,0.09008758515119553,3.688097422127612e-06
19450,0.05304787680506706,-0.0707082524895668
19500,-0.012203865684568882,-0.10000000149011612
19550,-0.06840270012617111,-0.07071279734373093
19600,-0.07074221968650818,-2.765655608527595e-06
19650,-0.035320788621902466,0.07070888578891754
19700,-0.003000116441398859,0.09999999403953552
19750,0.042452115565538406,0.07071216404438019
19800,0.0930962860584259,1.8752127743937308e-06
19850,0.06823799759149551,-0.07070954889059067
19900,-0.01740138977766037,-0.09999999403953552
19950,-0.06763993203639984,-0.07071151584386826
20000,-0.08590931445360184,-9.5367431640625e-07
20050,-0.041709836572408676,0.0707080066204071
20100,-0.00205828994512558,0.10000000149011612
20150,0.05644439160823822,0.07071305811405182
20200,0.08340813964605331,3.1178337849269155e-06
20250,0.06771134585142136,-0.07070866972208023
20300,-0.011582186445593834,-0.10000000149011612
20350,-0.07366850972175598,-0.0707123875617981
20400,-0.08234349638223648,-2.19345088225964e-06
20450,-0.045171186327934265,0.07070928066968918
20500,0.01117352768778801,0.10000000149011612
20550,0.05777687579393387,0.07071175426244736
20600,0.08028270304203033,1.3011932651352254e-06
20650,0.05669897794723511,-0.07070993632078171
20700,-0.009971046820282936,-0.10000000149011612
20750,-0.05873170867562294,-0.07071326673030853
20800,-0.0826658234000206,-3.4332276754867053e-06
20850,-0.050547823309898376,0.07070840895175934
20900,-0.005833903793245554,0.10000000149011612
20950,0.07027798891067505,0.0707126259803772
21000,0.09391967952251434,2.547576286815456e-06
21050,0.051097117364406586,-0.07070906460285187
21100,-0.02087900973856449,-0.10000000149011612
21150,-0.07011361420154572,-0.07071198523044586
21200,-0.06493456661701202,-1.62124638336536e-06
21250,-0.04783594608306885,0.07070969045162201
21300,-0.007474107667803764,0.10000000149011612
21350,0.0571417361497879,0.07071351259946823
21400,0.08639917522668839,3.813313696809928e-06
21450,0.06359338760375977,-0.07070817798376083
21500,-0.010963738895952702,-0.10000000149011612
21550,-0.06881226599216461,-0.0707128569483757
21600,-0.08310344070196152,-2.86102294921875e-06
21650,-0.04186515882611275,0.07070881128311157
21700,-0.0002544265298638493,0.10000000149011612
21750,0.06229984015226364,0.07071223855018616
21800,0.08819445967674255,1.9579995296226116e-06
21850,0.0494711734354496,-0.0707094669342041
21900,-0.012467430904507637,-0.10000000149011612
21950,-0.06304476410150528,-0.07071157544851303
22000,-0.07219485938549042,-4.100799742445815e-06
22050,-0.04930350184440613,0.07070793956518173
22100,-0.005216056946665049,0.10000000149011612
22150,0.05934271216392517,0.070713110268116
22200,0.08636980503797531,3.223723297196557e-06
22250,0.06471507251262665,-0.07070858031511307
22300,-0.013566511683166027,-0.10000000149011612
22350,-0.06464120000600815,-0.07071245461702347
22400,-0.08317780494689941,-2.28881845032447e-06
22450,-0.04564179852604866,0.0707092210650444
22500,0.0021773199550807476,0.10000000149011612
22550,0.061730340123176575,0.07071181386709213
22600,0.08730244636535645,1.4264057881518966e-06
22650,0.051478657871484756,-0.07070771604776382
22700,-0.016341673210263252,-0.10000000149011612
22750,-0.06485617160797119,-0.0707133337855339
22800,-0.07381345331668854,-3.52859501617786e-06
22850,-0.04078121483325958,0.07070834189653397
22900,-0.006315605249255896,0.09999999403953552
22950,0.060928959399461746,0.07071270048618317
23000,0.08060035109519958,2.630364178912714e-06
23050,0.060460299253463745,-0.0707089975476265
23100,-0.007667447905987501,-0.10000000149011612
23150,-0.0641947090625763,-0.07071205228567123
23200,-0.08484616130590439,-1.7166138377433526e-06
23250,-0.05596085265278816,0.07070962339639664
23300,0.010177751071751118,0.10000000149011612
23350,0.0713341236114502,0.070713572204113
23400,0.08223661035299301,3.873003151966259e-06
23450,0.049145910888910294,-0.07070812582969666
23500,-0.029805872589349747,-0.10000000149011612
23550,-0.04623700678348541,-0.07071292400360107
23600,-0.07531248033046722,-2.9563905172835803e-06
23650,-0.05156711861491203,0.0707087442278862
23700,-0.012875968590378761,0.10000000149011612
23750,0.0701122060418129,0.07071229815483093
23800,0.09119804203510284,2.0794375359400874e-06
23850,0.05514238774776459,-0.07070939242839813
23900,-0.02100430242717266,-0.09999999403953552
23950,-0.06745434552431107,-0.0707116425037384
24000,-0.07521562278270721,-4.19616708313697e-06
24050,-0.037433598190546036,0.07070787250995636
24100,0.00027525867335498333,0.10000000149011612
24150,0.06212134286761284,0.07071318477392197
24200,0.07770396023988724,3.302737241028808e-06
24250,0.05751918628811836,-0.07070852816104889
24300,-0.011597922071814537,-0.10000000149011612
24350,-0.0594954714179039,-0.07071252912282944
24400,-0.07515709847211838,-2.384185791015625e-06
24450,-0.04948192834854126,0.07070915400981903
24500,-0.002486787037923932,0.10000000149011612
24550,0.06180266663432121,0.07071187347173691
24600,0.08520839363336563,1.5091917475729133e-06
24650,0.05834435671567917,-0.07070764154195786
24700,-0.021099988371133804,-0.09999999403953552
24750,-0.06569192558526993,-0.07071340084075928
24800,-0.07154420763254166,-3.623962356869015e-06
24850,-0.0420200414955616,0.0707082748413086
24900,-0.003809476038441062,0.10000000149011612
24950,0.06827415525913239,0.07071276754140854
25000,0.07395647466182709,2.7518035494722426e-06
25050,0.04838082194328308,-0.07070892304182053
25100,-0.015367151238024235,-0.10000000149011612
25150,-0.05042751878499985,-0.0707121193408966
25200,-0.06802181154489517,-1.8119811784345075e-06
25250,-0.05443360283970833,0.07070955634117126
25300,-0.004389250185340643,0.10000000149011612
25350,0.06029265373945236,0.07071364670991898
25400,0.09136587381362915,3.955793545173947e-06
25450,0.04827631264925003,-0.07070804387331009
25500,-0.012311277911067009,-0.10000000149011612
25550,-0.05852639675140381,-0.07071299850940704
25600,-0.08110065013170242,-3.051757857974735e-06
25650,-0.04840131103992462,0.07070868462324142
25700,0.0038111871108412743,0.10000000149011612
25750,0.06310224533081055,0.07071235775947571
25800,0.07471535354852676,2.158449206035584e-06
25850,0.055305320769548416,-0.07070931792259216
25900,-0.010416314005851746,-0.10000000149011612
25950,-0.06058613955974579,-0.07071387022733688
26000,-0.07182551175355911,-4.291534423828125e-06
26050,-0.056585997343063354,0.07070780545473099
26100,0.00013683408906217664,0.10000000149011612
26150,0.06195535510778427,0.07071324437856674
26200,0.08826594799757004,3.4241782032040646e-06
26250,0.057510677725076675,-0.07070844620466232
26300,-0.023216143250465393,-0.10000000149011612
26350,-0.06471909582614899,-0.07071258872747421
26400,-0.06125100702047348,-2.4795533590804553e-06
26450,-0.04701438173651695,0.07070907950401306
26500,-0.016729621216654778,0.10000000149011612
26550,0.062039267271757126,0.07071195542812347
26600,0.08585699647665024,4.651284598367056e-06
26650,0.061534978449344635,-0.07070756703615189
26700,-0.011184504255652428,-0.10000000149011612
26750,-0.07353782653808594,-0.07071346789598465
26800,-0.07291051000356674,-3.719329924933845e-06
26850,-0.048606228083372116,0.07070820778608322
26900,0.00679417559877038,0.10000000149011612
26950,0.05692856386303902,0.07071284204721451
27000,0.08108466118574142,2.8345918963168515e-06
27050,0.059134237468242645,-0.07070885598659515
27100,-0.013788368552923203,-0.10000000149011612
27150,-0.06438282877206802,-0.07071218639612198
27200,-0.0753842294216156,-1.9073486328125e-06
27250,-0.0451807975769043,0.07070732861757278
27300,0.003025489393621683,0.10000000149011612
27350,0.060134898871183395,0.07071372121572495
27400,0.08252853155136108,4.07723518947023e-06
27450,0.044939860701560974,-0.07070798426866531
27500,-0.00652786111459136,-0.10000000149011612
27550,-0.06123768165707588,-0.07071306556463242
27600,-0.07592183351516724,-3.14712519866589e-06
27650,-0.05431143566966057,0.07070861011743546
27700,0.006457371171563864,0.10000000149011612
27750,0.06795106083154678,0.07071243226528168
27800,0.0846545547246933,2.2643375814368483e-06
27850,0.05161191523075104,-0.07070926576852798
27900,-0.024941543117165565,-0.10000000149011612
27950,-0.053677916526794434,-0.07071393728256226
28000,-0.06698714941740036,-4.38690176451928e-06
28050,-0.055184584110975266,0.07070773094892502
28100,-0.008077048696577549,0.10000000149011612
28150,0.06011658161878586,0.07071330398321152
28200,0.09489733725786209,3.5069676869170507e-06
28250,0.050738509744405746,-0.07070838660001755
28300,-0.014065909199416637,-0.10000000149011612
28350,-0.06619025766849518,-0.07071265578269958
28400,-0.0754694938659668,-2.57492069977161e-06
28450,-0.0446685366332531,0.07070901244878769
28500,0.0006790912593714893,0.09999999403953552
28550,0.06061847135424614,0.07071202993392944
28600,0.07962511479854584,4.74962689622771e-06
28650,0.056688353419303894,-0.07070751488208771
28700,-0.011845114640891552,-0.10000000149011612
28750,-0.06229880079627037,-0.07071353495121002
28800,-0.07431242614984512,-3.814697265625e-06
28850,-0.06020691245794296,0.07070814073085785
28900,0.009434144012629986,0.10000000149011612
28950,0.06457189470529556,0.07071291655302048
29000,0.08894585818052292,2.936705868705758e-06
29050,0.053291477262973785,-0.07070879638195038
29100,-0.020131198689341545,-0.10000000149011612
29150,-0.06019577383995056,-0.07071225345134735
29200,-0.07545104622840881,-2.0027162008773303e-06
29250,-0.05297169089317322,0.07070726156234741
29300,0.0008416202617809176,0.10000000149011612
29350,0.06960894912481308,0.07071378082036972
29400,0.07959013432264328,4.179351890343241e-06
29450,0.04400453716516495,-0.07070790976285934
29500,-0.004489207174628973,-0.10000000149011612
29550,-0.060665808618068695,-0.07071312516927719
29600,-0.07368434965610504,-3.24249276673072e-06
29650,-0.0649862140417099,0.07070854306221008
29700,0.0072764805518090725,0.10000000149011612
29750,0.06716126203536987,0.07071249932050705
29800,0.08617295324802399,2.362675104450318e-06
29850,0.05592970922589302,-0.07070919126272202
29900,-0.0168168842792511,-0.10000000149011612
29950,-0.05787995457649231,-0.07071400433778763
30000,-0.07815771549940109,-4.4822695599577855e-06
30050,-0.04981217905879021,0.07070767134428024
30100,0.005819485057145357,0.10000000149011612
30150,0.061769090592861176,0.07071337848901749
30200,0.08638384938240051,3.589757170630037e-06
30250,0.04002998396754265,-0.07070831209421158
30300,-0.009814685210585594,-0.10000000149011612
30350,-0.057408787310123444,-0.07071272283792496
30400,-0.07190366089344025,-2.670288040462765e-06
30450,-0.06464099138975143,0.07070895284414291
30500,0.002939376048743725,0.10000000149011612
30550,0.0656675472855568,0.07071425020694733
30600,0.09228894114494324,4.832419108424801e-06
30650,0.05017978325486183,-0.07070743292570114
30700,-0.01771453209221363,-0.10000000149011612
30750,-0.06043107062578201,-0.0707136020064354
30800,-0.06900499761104584,-3.910064606316155e-06
30850,-0.050057847052812576,0.07070807367563248
30900,-0.0005268151289783418,0.10000000149011612
30950,0.05236305668950081,0.07071297615766525
31000,0.09296886622905731,3.0350449833349558e-06
31050,0.05514561012387276,-0.0707087442278862
31100,-0.008439402095973492,-0.10000000149011612
31150,-0.06393535435199738,-0.07071232050657272
31200,-0.08438699692487717,-5.14984139954322e-06
31250,-0.05491114407777786,0.07070719450712204
31300,0.00909334234893322,0.10000000149011612
31350,0.06465683877468109,0.07071385532617569
31400,0.08120173215866089,4.26214273829828e-06
31450,0.045987725257873535,-0.07070785760879517
31500,-0.004790063947439194,-0.10000000149011612
31550,-0.05625462532043457,-0.07071319967508316
31600,-0.07214353233575821,-3.337860107421875e-06
31650,-0.06832217425107956,0.07070847600698471
31700,0.010620364919304848,0.09999999403953552
31750,0.059207942336797714,0.07071256637573242
31800,0.08455950021743774,2.4454627691739006e-06
31850,0.05254847928881645,-0.07070697844028473
31900,-0.006885312031954527,-0.10000000149011612
31950,-0.057250890880823135,-0.0707140788435936
32000,-0.08551666140556335,-4.57763690064894e-06
32050,-0.06327463686466217,0.07070760428905487
32100,0.007245874963700771,0.10000000149011612
32150,0.07249227166175842,0.07071343809366226
32200,0.09125751256942749,3.688097422127612e-06
32250,0.041563354432582855,-0.0707082524895668
32300,-0.014171027578413486,-0.10000000149011612
32350,-0.05999815836548805,-0.07071279734373093
32400,-0.06047927588224411,-2.765655608527595e-06
32450,-0.06745222210884094,0.07070888578891754
32500,-0.0013437549350783229,0.10000000149011612
32550,0.06092357262969017,0.0707143172621727
32600,0.09059953689575195,4.934536718792515e-06
32650,0.05123847350478172,-0.07070737332105637
32700,-0.0039872294291853905,-0.10000000149011612
32750,-0.06551109254360199,-0.07071366906166077
32800,-0.0839841365814209,-4.0054324017546605e-06
32850,-0.05532749369740486,0.0707080066204071
32900,0.013615257106721401,0.10000000149011612
32950,0.06402810662984848,0.07071305811405182
33000,0.08749300241470337,3.1178337849269155e-06
33050,0.03660633787512779,-0.07070866972208023
33100,-0.006143552251160145,-0.10000000149011612
33150,-0.05898628011345863,-0.0707123875617981
33200,-0.0761546716094017,-2.19345088225964e-06
33250,-0.05931805446743965,0.07070928066968918
33300,0.006154546048492193,0.10000000149011612
33350,0.06546538323163986,0.07071175426244736
33400,0.08816172927618027,1.3011932651352254e-06
33450,0.05128244310617447,-0.07070993632078171
33500,-0.007267660927027464,-0.10000000149011612
33550,-0.06600609421730042,-0.07071541994810104
33600,-0.07951103150844574,-6.48498553346144e-06
33650,-0.05528558790683746,0.07070624828338623
33700,0.014634561724960804,0.09999999403953552
33750,0.056974057108163834,0.0707148090004921
33800,0.0847216248512268,5.587613031821093e-06
33850,0.03673967346549034,-0.07070691883563995
33900,0.0024510447401553392,-0.10000000149011612
33950,-0.04227476939558983,-0.07071413844823837
34000,-0.08837305009365082,-4.673004241340095e-06
34050,-0.06951580196619034,0.0707075297832489
34100,0.005813764873892069,0.10000000149011612
34150,0.06717932969331741,0.07071351259946823
34200,0.0855427011847496,3.813313696809928e-06
34250,0.04401206225156784,-0.07070817798376083
34300,-0.004848042968660593,-0.10000000149011612
34350,-0.04935581237077713,-0.0707128569483757
34400,-0.08481680601835251,-2.86102294921875e-06
34450,-0.06907262653112411,0.07070881128311157
34500,0.019325152039527893,0.10000000149011612
34550,0.06673848628997803,0.07071223855018616
34600,0.08338745683431625,1.9579995296226116e-06
34650,0.03756289184093475,-0.0707094669342041
34700,-0.01156172901391983,-0.10000000149011612
34750,-0.0399283692240715,-0.07071157544851303
34800,-0.07877806574106216,-7.152557373046875e-06
34850,-0.06874895840883255,0.07070577889680862
34900,-0.0040665436536073685,0.10000000149011612
34950,0.06999903172254562,0.07071526348590851
35000,0.09410770982503891,6.260024292714661e-06
35050,0.045429013669490814,-0.07070643454790115
35100,-0.009240932762622833,-0.10000000149011612
35150,-0.054570674896240234,-0.07071461528539658
35200,-0.07249104976654053,-5.34057608092553e-06
35250,-0.06595521420240402,0.0707070603966713
35300,0.0024440523702651262,0.10000000149011612
35350,0.05852590128779411,0.07071398943662643
35400,0.08537767082452774,4.466376140044304e-06
35450,0.0540386326611042,-0.07070771604776382
35500,-0.008863233961164951,-0.10000000149011612
35550,-0.050495415925979614,-0.0707133337855339
35600,-0.09395141154527664,-3.52859501617786e-06
35650,-0.05940418317914009,0.07070834189653397
35700,0.016399644315242767,0.09999999403953552
35750,0.06803327053785324,0.07071270048618317
35800,0.0852569192647934,2.630364178912714e-06
35850,0.032414890825748444,-0.0707089975476265
35900,-0.00357801909558475,-0.10000000149011612
35950,-0.048773735761642456,-0.07071205228567123
36000,-0.07958923280239105,-1.7166138377433526e-06
36050,-0.06343032419681549,0.07070962339639664
36100,0.007117945235222578,0.10000000149011612
36150,0.06828262656927109,0.07071574777364731
36200,0.08151007443666458,6.932444648555247e-06
36250,0.042853038758039474,-0.07070594280958176
36300,0.0008892939076758921,-0.09999999403953552
36350,-0.04872988909482956,-0.07071508467197418
36400,-0.08706153184175491,-6.008148375258315e-06
36450,-0.06765105575323105,0.07070659101009369
36500,0.006940525956451893,0.10000000149011612
36550,0.06788478791713715,0.07071445137262344
36600,0.09699746966362,5.115672138344962e-06
36650,0.036166220903396606,-0.07070724666118622
36700,-0.019518444314599037,-0.10000000149011612
36750,-0.04457909241318703,-0.07071380317211151
36800,-0.07850039750337601,-4.19616708313697e-06
36850,-0.05763969570398331,0.07070787250995636
36900,0.0006781008560210466,0.10000000149011612
36950,0.06570032984018326,0.07071318477392197
37000,0.08411713689565659,3.302737241028808e-06
37050,0.04893387854099274,-0.07070852816104889
37100,-0.0034014533739537,-0.10000000149011612
37150,-0.056627340614795685,-0.07071252912282944
37200,-0.08328647166490555,-2.384185791015625e-06
37250,-0.06714432686567307,0.07070915400981903
37300,0.01292638760060072,0.10000000149011612
37350,0.06902491301298141,0.07071187347173691
37400,0.08683814108371735,1.5091917475729133e-06
37450,0.0448199100792408,-0.07070549577474594
37500,-0.020509397611021996,-0.10000000149011612
37550,-0.03627888485789299,-0.07071556150913239
37600,-0.08504083752632141,-6.67572021484375e-06
37650,-0.063664011657238,0.07070612162351608
37700,-0.004078748635947704,0.10000000149011612
37750,0.07067744433879852,0.07071493566036224
37800,0.09255185723304749,5.791851435787976e-06
37850,0.044847290962934494,-0.07070675492286682
37900,-0.010477404110133648,-0.10000000149011612
37950,-0.055937085300683975,-0.07071428000926971
38000,-0.07688996940851212,-4.863738922722405e-06
38050,-0.06283888220787048,0.07070740312337875
38100,0.008715260773897171,0.10000000149011612
38150,0.07402563840150833,0.07071364670991898
38200,0.07808280736207962,3.955793545173947e-06
38250,0.03726239874958992,-0.07070804387331009
38300,-0.006556767970323563,-0.10000000149011612
38350,-0.04331624135375023,-0.07071299850940704
38400,-0.08249782025814056,-3.051757857974735e-06
38450,-0.06917987763881683,0.07070868462324142
38500,0.007830962538719177,0.10000000149011612
38550,0.07290451973676682,0.07071235775947571
38600,0.08834261447191238,2.158449206035584e-06
38650,0.02983444184064865,-0.07070931792259216
38700,-0.008054216392338276,-0.10000000149011612
38750,-0.05229783430695534,-0.07071603089570999
38800,-0.07674290239810944,-7.3432925091765355e-06
38850,-0.058700237423181534,0.07070564478635788
38900,0.005797151941806078,0.10000000149011612
38950,0.07672645151615143,0.07071539759635925
39000,0.08201088756322861,6.464264970418299e-06
39050,0.029418520629405975,-0.07070629298686981
39100,-0.0068932101130485535,-0.10000000149011612
39150,-0.04892141371965408,-0.07071474939584732
39200,-0.07571214437484741,-5.53131121705519e-06
39250,-0.06283379346132278,0.07070692628622055
39300,0.006020964588969946,0.10000000149011612
39350,0.06584561616182327,0.07071412354707718
39400,0.09504929929971695,4.651284598367056e-06
39450,0.03736540675163269,-0.07070756703615189
39500,-0.01390840858221054,-0.10000000149011612
39550,-0.05636744201183319,-0.07071346789598465
39600,-0.07903531193733215,-3.719329924933845e-06
39650,-0.04839911684393883,0.07070820778608322
39700,0.00847006868571043,0.10000000149011612
39750,0.06488648056983948,0.07071284204721451
39800,0.07555492222309113,2.8345918963168515e-06
39850,0.045162398368120193,-0.07070885598659515
39900,-0.0005790296127088368,-0.10000000149011612
39950,-0.057023223489522934,-0.07071218639612198
40000,-0.08519019931554794,-1.9073486328125e-06
40050,-0.07032961398363113,0.07070516794919968
40100,0.020617082715034485,0.10000000149011612
40150,0.07438217848539352,0.07071587443351746
40200,0.07801225036382675,7.136687145248288e-06
40250,0.034515246748924255,-0.0707058236002922
40300,-0.007292920257896185,-0.10000000149011612
40350,-0.047946996986866,-0.07071521878242493
40400,-0.07978864014148712,-6.198883056640625e-06
40450,-0.05724440887570381,0.07070644944906235
40500,0.005820813588798046,0.10000000149011612
40550,0.06814588606357574,0.07071459293365479
40600,0.07969676703214645,5.3236831263347995e-06
40650,0.04610070958733559,-0.07070710510015488
40700,-0.0025110605638474226,-0.10000000149011612
40750,-0.05742284655570984,-0.07071393728256226
40800,-0.08222990483045578,-4.38690176451928e-06
40850,-0.06336769461631775,0.07070773094892502
40900,0.012001669965684414,0.10000000149011612
40950,0.06948588788509369,0.07071330398321152
41000,0.0795433446764946,3.5069676869170507e-06
41050,0.041241951286792755,-0.07070838660001755
41100,-0.0065784454345703125,-0.10000000149011612
41150,-0.04969138652086258,-0.07071265578269958
41200,-0.0865403562784195,-2.57492069977161e-06
41250,-0.04840191453695297,0.07070901244878769
41300,0.007941574789583683,0.09999999403953552
41350,0.0560888834297657,0.07071202993392944
41400,0.08388030529022217,7.789792107359972e-06
41450,0.04790068045258522,-0.070705346763134
41500,-0.0009076581918634474,-0.10000000149011612
41550,-0.058987632393836975,-0.07071568816900253
41600,-0.08539139479398727,-6.8664553509734105e-06
41650,-0.05591607093811035,0.07070598006248474
41700,0.010820576921105385,0.10000000149011612
41750,0.06933410465717316,0.0707150548696518
41800,0.07436411082744598,5.976764896331588e-06
41850,0.04844319075345993,-0.07070662826299667
41900,-0.010001350194215775,-0.10000000149011612
41950,-0.04823343828320503,-0.07071440666913986
42000,-0.08332239836454391,-5.054474058852065e-06
42050,-0.05553388595581055,0.07070726156234741
42100,0.007886490784585476,0.10000000149011612
42150,0.05775248631834984,0.07071378082036972
42200,0.08315770328044891,4.179351890343241e-06
42250,0.04740830138325691,-0.07070790976285934
42300,-0.0021572888363152742,-0.10000000149011612
42350,-0.05465441197156906,-0.07071312516927719
42400,-0.09487918764352798,-3.24249276673072e-06
42450,-0.04974162206053734,0.07070854306221008
42500,0.017899474129080772,0.10000000149011612
42550,0.06597445160150528,0.07071249932050705
42600,0.06341047585010529,2.362675104450318e-06
42650,0.044804226607084274,-0.07070919126272202
42700,0.00329796620644629,-0.09999999403953552
42750,-0.048317696899175644,-0.07071616500616074
42800,-0.08721747994422913,-7.534027190558845e-06
42850,-0.06620626896619797,0.07070551067590714
42900,0.017942791804671288,0.10000000149011612
42950,0.06723739206790924,0.0707155391573906
43000,0.0844256803393364,6.649180704698665e-06
43050,0.04773861542344093,-0.07070616632699966
43100,-0.01926863007247448,-0.10000000149011612
43150,-0.04976549744606018,-0.07071488350629807
43200,-0.08553954213857651,-5.7220458984375e-06
43250,-0.051328144967556,0.0707067921757698
43300,0.005774516612291336,0.10000000149011612
43350,0.07240341603755951,0.07071425020694733
43400,0.07295641303062439,4.832419108424801e-06
43450,0.04943253844976425,-0.07070743292570114
43500,0.0006094864220358431,-0.10000000149011612
43550,-0.06246939301490784,-0.0707136020064354
43600,-0.08420495688915253,-3.910064606316155e-06
43650,-0.05797247961163521,0.07070807367563248
43700,0.008066626265645027,0.10000000149011612
43750,0.06821394711732864,0.07071297615766525
43800,0.07092101871967316,3.0350449833349558e-06
43850,0.062029000371694565,-0.0707087442278862
43900,-0.0032138859387487173,-0.10000000149011612
43950,-0.05881895497441292,-0.07071232050657272
44000,-0.09763795882463455,-8.20159948489163e-06
44050,-0.04504821076989174,0.07070504128932953
44100,0.015533678233623505,0.10000000149011612
44150,0.06424779444932938,0.0707160010933876
44200,0.06505290418863297,7.321604698518058e-06
44250,0.04410834237933159,-0.07070567458868027
44300,0.009977785870432854,-0.10000000149011612
44350,-0.04779157042503357,-0.07071536034345627
44400,-0.09652101993560791,-6.3896181927702855e-06
44450,-0.06301327049732208,0.0707063227891922
44500,0.01136931125074625,0.10000000149011612
44550,0.07295283675193787,0.07071472704410553
44600,0.07545208930969238,5.504819910129299e-06
44650,0.04695459082722664,-0.07070697844028473
44700,-0.007584787905216217,-0.10000000149011612
44750,-0.04771533980965614,-0.0707140788435936
44800,-0.08559514582157135,-4.57763690064894e-06
44850,-0.05383109673857689,0.07070760428905487
44900,0.006943742278963327,0.10000000149011612
44950,0.0599314346909523,0.07071343809366226
45000,0.08086491376161575,3.688097422127612e-06
45050,0.049966465681791306,-0.0707082524895668
45100,-0.005666464101523161,-0.10000000149011612
45150,-0.05435638129711151,-0.07071279734373093
45200,-0.08928485214710236,-2.765655608527595e-06
45250,-0.054350826889276505,0.07070888578891754
45300,0.00801707711070776,0.10000000149011612
45350,0.07031740248203278,0.0707164779305458
45400,0.06965409964323044,7.974712389113847e-06
45450,0.05382407456636429,-0.07070522755384445
45500,-0.0050942981615662575,-0.10000000149011612
45550,-0.0629257932305336,-0.07071582973003387
45600,-0.08009858429431915,-7.05719003235572e-06
45650,-0.04993962496519089,0.070705845952034
45700,0.008333464153110981,0.10000000149011612
45750,0.06147646903991699,0.07071518898010254
45800,0.07640990614891052,6.157904408610193e-06
45850,0.05804083123803139,-0.07070650160312653
45900,-0.005625090096145868,-0.10000000149011612
45950,-0.06039906665682793,-0.0707145482301712
46000,-0.09654715657234192,-5.245208740234375e-06
46050,-0.04976446181535721,0.07070712745189667
46100,0.01250552013516426,0.10000000149011612
46150,0.07630382478237152,0.07071391493082047
46200,0.0720071792602539,4.360484581411583e-06
46250,0.04388602450489998,-0.07070779800415039
46300,-0.0027943418826907873,-0.10000000149011612
46350,-0.0622284896671772,-0.07071326673030853
46400,-0.07866568118333817,-3.4332276754867053e-06
46450,-0.05034096911549568,0.07070840895175934
46500,0.00904296338558197,0.10000000149011612
46550,0.05952244624495506,0.0707126259803772
46600,0.07257293164730072,2.547576286815456e-06
46650,0.05936760455369949,-0.07070473581552505
46700,-0.0036083790473639965,-0.10000000149011612
46750,-0.059667449444532394,-0.07071629911661148
46800,-0.09519389271736145,-7.724762326688506e-06
46850,-0.04808089882135391,0.07070537656545639
46900,0.01176789402961731,0.10000000149011612
46950,0.07221704721450806,0.07071566581726074
47000,0.07381974160671234,6.830322945461376e-06
47050,0.04163265973329544,-0.07070603221654892
47100,-0.005341462790966034,-0.10000000149011612
47150,-0.05061902478337288,-0.07071501761674881
47200,-0.08110924810171127,-5.9127810345671605e-06
47250,-0.061777397990226746,0.07070665806531906
47300,0.0019363019382581115,0.09999999403953552
47350,0.07487163692712784,0.07071437686681747
47400,0.08247814327478409,5.036654329160228e-06
47450,0.051222674548625946,-0.07070731371641159
47500,-0.016178444027900696,-0.10000000149011612
47550,-0.05987556278705597,-0.07071373611688614
47600,-0.08247127383947372,-4.100799742445815e-06
47650,-0.045908521860837936,0.07070793956518173
47700,0.007866129279136658,0.10000000149011612
47750,0.06009601429104805,0.070713110268116
47800,0.07763561606407166,3.223723297196557e-06
47850,0.05065513774752617,-0.07070858031511307
47900,-0.004530234728008509,-0.10000000149011612
47950,-0.0521412193775177,-0.07071676850318909
48000,-0.0919724851846695,-8.39233416627394e-06
48050,-0.04903290048241615,0.07070489972829819
48100,0.00220566731877625,0.10000000149011612
48150,0.068525530397892,0.07071613520383835
48200,0.071962371468544,7.502750122512225e-06
48250,0.05893723666667938,-0.07070556282997131
48300,-0.006621981039643288,-0.10000000149011612
48350,-0.06475638598203659,-0.07071548700332642
48400,-0.08585429936647415,-6.580352874152595e-06
48450,-0.0522138737142086,0.07070618122816086
48500,0.017715027555823326,0.10000000149011612
48550,0.06277372688055038,0.07071486115455627
48600,0.07132307440042496,5.685958058165852e-06
48650,0.04610875993967056,-0.07070682942867279
48700,-0.006601953878998756,-0.10000000149011612
48750,-0.04677321016788483,-0.07071420550346375
48800,-0.08701533824205399,-4.76837158203125e-06
48850,-0.05632885545492172,0.07070746272802353
48900,0.004738602787256241,0.10000000149011612
48950,0.07103674858808517,0.070713572204113
49000,0.08192180842161179,3.873003151966259e-06
49050,0.049412328749895096,-0.07070812582969666
49100,-0.009070035070180893,-0.10000000149011612
49150,-0.06181678920984268,-0.07071292400360107
49200,-0.07629329711198807,-2.9563905172835803e-06
49250,-0.054696764796972275,0.07070443034172058
49300,0.0052270302549004555,0.10000000149011612
49350,0.05923479422926903,0.07071661204099655
49400,0.07679080963134766,8.178959433280397e-06
49450,0.0586547814309597,-0.07070507854223251
49500,-0.0048005059361457825,-0.10000000149011612
49550,-0.05501373112201691,-0.07071596384048462
49600,-0.09115395694971085,-7.24792471373803e-06
49650,-0.05000254139304161,0.07070571184158325
49700,0.007806186098605394,0.10000000149011612
49750,0.07001280784606934,0.07071532309055328
49800,0.07861419022083282,6.381470484484453e-06
49850,0.04280637577176094,-0.07070637494325638
49900,-0.006543146446347237,-0.10000000149011612
49950,-0.05722493305802345,-0.07071467489004135
50000,-0.07785198092460632,-5.4359438763640355e-06
50050,-0.05303651839494705,0.07070699334144592
50100,0.0013846458168700337,0.10000000149011612
50150,0.06559877097606659,0.07071404904127121
50200,0.07496209442615509,4.568493295664666e-06
50250,0.061088211834430695,-0.07070764154195786
50300,-0.009207062423229218,-0.09999999403953552
50350,-0.057413499802351,-0.07071340084075928
50400,-0.09406986832618713,-3.623962356869015e-06
50450,-0.053947385400533676,0.0707082748413086
50500,0.012531053274869919,0.10000000149011612
50550,0.06745424121618271,0.07071708887815475
50600,0.07934156805276871,8.8283040895476e-06
50650,0.0480913408100605,-0.0707046240568161
50700,-0.007412807550281286,-0.10000000149011612
50750,-0.05535124987363815,-0.07071643322706223
50800,-0.086962029337883,-7.915497008070815e-06
50850,-0.047987885773181915,0.07070524245500565
50900,0.004667934961616993,0.10000000149011612
50950,0.06729774922132492,0.07071580737829208
51000,0.07049339264631271,7.015239589236444e-06
51050,0.04919600859284401,-0.07070588320493698
51100,0.0029869854915887117,-0.10000000149011612
51150,-0.05334813520312309,-0.07071515172719955
51200,-0.089811310172081,-6.10351571594947e-06
51250,-0.06614934653043747,0.07070652395486832
51300,0.01624811254441738,0.09999999403953552
51350,0.06870770454406738,0.0707145407795906
51400,0.07806168496608734,5.198464350542054e-06
51450,0.04923475533723831,-0.07070718705654144
51500,-0.017723368480801582,-0.10000000149011612
51550,-0.043258003890514374,-0.07071387022733688
51600,-0.08183588832616806,-4.291534423828125e-06
51650,-0.05886080861091614,0.07070780545473099
51700,-0.008079544641077518,0.10000000149011612
51750,0.07019201666116714,0.07071324437856674
51800,0.0886264443397522,3.4241782032040646e-06
51850,0.05268258601427078,-0.07070844620466232
51900,-0.00656603928655386,-0.09999999403953552
51950,-0.0669768750667572,-0.07071691006422043
52000,-0.08093088865280151,-8.58306884765625e-06
52050,-0.04951769858598709,0.07070476561784744
52100,0.007954484783113003,0.10000000149011612
52150,0.06694766134023666,0.07071629166603088
52200,0.06810153275728226,7.710768841207027e-06
52250,0.05601081997156143,-0.07070543617010117
52300,-0.0031033381819725037,-0.10000000149011612
52350,-0.05422347038984299,-0.07071562856435776
52400,-0.09160703420639038,-6.771087555534905e-06
52450,-0.051826730370521545,0.07070604711771011
52500,0.008594009093940258,0.10000000149011612
52550,0.06416355818510056,0.07071499526500702
52600,0.07300753891468048,5.893970865145093e-06
52650,0.054839055985212326,-0.07070670276880264
52700,-0.0014971379423514009,-0.10000000149011612
52750,-0.061931442469358444,-0.07071434706449509
52800,-0.09329384565353394,-4.9591067181609105e-06
52850,-0.0487348847091198,0.07070732861757278
52900,0.012342149391770363,0.10000000149011612
52950,0.07429960370063782,0.07071372121572495
53000,0.06150036305189133,4.07723518947023e-06
53050,0.04837603121995926,-0.07070798426866531
53100,0.006713923532515764,-0.10000000149011612
53150,-0.049297839403152466,-0.07071306556463242
53200,-0.09355947375297546,-9.250640687241685e-06
53250,-0.06396541744470596,0.07070429623126984
53300,0.011454079300165176,0.10000000149011612
53350,0.06726522743701935,0.0707167461514473
53400,0.07910111546516418,8.340781278093345e-06
53450,0.05121057108044624,-0.07070495188236237
53500,-0.006279331631958485,-0.10000000149011612
53550,-0.056873321533203125,-0.07071609795093536
53600,-0.092183917760849,-7.43865984986769e-06
53650,-0.04594505578279495,0.07070557773113251
53700,0.009539748542010784,0.09999999403953552
53750,0.06772460788488388,0.07071547955274582
53800,0.06968723982572556,6.566385764017468e-06
53850,0.052595771849155426,-0.07070623338222504
53900,-0.00051350292051211,-0.10000000149011612
53950,-0.05410201475024223,-0.07071481645107269
54000,-0.0899277925491333,-5.626678557746345e-06
54050,-0.062001097947359085,0.07070685923099518
54100,0.012873404659330845,0.10000000149011612
54150,0.06976508349180222,0.07071418315172195
54200,0.07872474938631058,4.74962689622771e-06
54250,0.05362498015165329,-0.07070751488208771
54300,-0.01812654733657837,-0.10000000149011612
54350,-0.058863118290901184,-0.07071353495121002
54400,-0.07862424105405807,-3.814697265625e-06
54450,-0.04637785255908966,0.07070814073085785
54500,-0.0019969900604337454,0.10000000149011612
54550,0.06472406536340714,0.0707172304391861
54600,0.07687944173812866,9.036327355715912e-06
54650,0.06367826461791992,-0.07070448249578476
54700,-0.008913890458643436,-0.10000000149011612
54750,-0.060815680772066116,-0.07071656733751297
54800,-0.09667134284973145,-8.106231689453125e-06
54850,-0.04984831064939499,0.0707051083445549
54900,0.013756221160292625,0.10000000149011612
54950,0.06515080481767654,0.07071593403816223
55000,0.07829521596431732,7.219482995424187e-06
55050,0.05208530277013779,-0.07070576399564743
55100,-0.0015867530601099133,-0.10000000149011612
55150,-0.07196276634931564,-0.0707152858376503
55200,-0.08198827505111694,-6.29425039733178e-06
55250,-0.043701477348804474,0.07070638984441757
55300,0.006386426277458668,0.09999999403953552
55350,0.06388138234615326,0.07071466743946075
55400,0.06370289623737335,5.402701845014235e-06
55450,0.056541647762060165,-0.0707070454955101
55500,0.003165427129715681,-0.10000000149011612
55550,-0.057370949536561966,-0.07071400433778763
55600,-0.09225428104400635,-4.4822695599577855e-06
55650,-0.05417356640100479,0.07070767134428024
55700,0.011026307009160519,0.10000000149011612
55750,0.07230494171380997,0.07071337848901749
55800,0.07650330662727356,9.689456419437192e-06
55850,0.04711291193962097,-0.07070400565862656
55900,-0.0030085097532719374,-0.10000000149011612
55950,-0.05906139314174652,-0.07071704417467117
56000,-0.08357986062765121,-8.77380352903856e-06
56050,-0.05198196321725845,0.0707046315073967
56100,-0.0050952560268342495,0.10000000149011612
56150,0.07517242431640625,0.07071641832590103
56200,0.07342113554477692,7.891914719948545e-06
56250,0.05446481332182884,-0.07070529460906982
56300,0.003317067166790366,-0.10000000149011612
56350,-0.07371576875448227,-0.0707157552242279
56400,-0.08467575162649155,-6.961822691664565e-06
56450,-0.052770424634218216,0.07070591300725937
56500,0.01252618245780468,0.10000000149011612
56550,0.06460193544626236,0.07071512937545776
56600,0.07609593868255615,6.075110377423698e-06
56650,0.05714411661028862,-0.0707065612077713
56700,-0.0032385941594839096,-0.09999999403953552
56750,-0.06372257322072983,-0.07071448117494583
56800,-0.090644970536232,-5.14984139954322e-06
56850,-0.03703334927558899,0.07070719450712204
56900,0.0024750970769673586,0.10000000149011612
56950,0.05792379379272461,0.07071385532617569
57000,0.07321932166814804,4.26214273829828e-06
57050,0.06061694025993347,-0.07070785760879517
57100,0.006921099033206701,-0.10000000149011612
57150,-0.06980439275503159,-0.07071751356124878
57200,-0.09076005965471268,-9.441376278118696e-06
57250,-0.05116375908255577,0.07070416212081909
57300,0.01692947745323181,0.10000000149011612
57350,0.06236923485994339,0.07071688026189804
57400,0.07316913455724716,8.545029231754597e-06
57450,0.05164908245205879,-0.07070481032133102
57500,-0.0032682816963642836,-0.10000000149011612
57550,-0.056381918489933014,-0.07071623206138611
57600,-0.08954732865095139,-7.62939453125e-06
57650,-0.0517147034406662,0.07070544362068176
57700,0.006596955005079508,0.10000000149011612
57750,0.06281881779432297,0.07071560621261597
57800,0.08204161375761032,6.770627805963159e-06
57850,0.05181233957409859,-0.07070610672235489
57900,0.003472406417131424,-0.09999999403953552
57950,-0.06888297200202942,-0.07071495056152344
58000,-0.08214468508958817,-5.817413239128655e-06
58050,-0.04949110001325607,0.07070671766996384
58100,0.004120352678000927,0.10000000149011612
58150,0.0658707469701767,0.0707143172621727
58200,0.0724937915802002,4.934536718792515e-06
58250,0.054837025701999664,-0.07070737332105637
58300,-0.0028458558954298496,-0.10000000149011612
58350,-0.06486613303422928,-0.07071366906166077
58400,-0.08448681980371475,-4.0054324017546605e-06
58450,-0.05242681875824928,0.07070368528366089
58500,0.007178387604653835,0.10000000149011612
58550,0.061603132635354996,0.07071735709905624
58600,0.08663733303546906,9.21747869142564e-06
58650,0.0481310673058033,-0.07070435583591461
58700,-0.003502275561913848,-0.10000000149011612
58750,-0.06927395612001419,-0.07071670144796371
58800,-0.07816072553396225,-8.296966370835435e-06
58850,-0.04506998136639595,0.07070496678352356
58900,-0.0029780203476548195,0.09999999403953552
58950,0.06540898233652115,0.07071607559919357
59000,0.07558882236480713,7.400627509923652e-06
59050,0.061491046100854874,-0.07070561498403549
59100,0.0009132052073255181,-0.10000000149011612
59150,-0.0738043561577797,-0.07071541994810104
59200,-0.08562266826629639,-6.48498553346144e-06
59250,-0.05374347046017647,0.07070624828338623
59300,0.014841362833976746,0.09999999403953552
59350,0.05783117935061455,0.0707148090004921
59400,0.08559149503707886,5.587613031821093e-06
59450,0.05311793088912964,-0.07070691883563995
59500,-0.005706662777811289,-0.10000000149011612
59550,-0.06370361149311066,-0.07071413844823837
59600,-0.08802101761102676,-4.673004241340095e-06
59650,-0.04545947536826134,0.0707075297832489
59700,0.010060355998575687,0.10000000149011612
59750,0.05898662656545639,0.07071782648563385
59800,0.07650119066238403,9.913035682984628e-06
59850,0.04748808220028877,-0.07070387154817581
59900,0.011781745590269566,-0.10000000149011612
59950,-0.0637248232960701,-0.07071717828512192
60000,-0.08688060194253922,-8.964539119915571e-06
60050,-0.06396269053220749,0.07070449739694595
60100,0.018460148945450783,0.10000000149011612
60150,0.06363232433795929,0.07071655243635178
60200,0.08293899893760681,8.096161764115095e-06
60250,0.04877160117030144,-0.07070514559745789
60300,-0.015719860792160034,-0.09999999403953552
60350,-0.05391422659158707,-0.07071589678525925
60400,-0.07515201717615128,-7.152557373046875e-06
60450,-0.056762877851724625,0.07070577889680862
60500,0.004251438193023205,0.10000000149011612
60550,0.05770840868353844,0.07071526348590851
60600,0.08856545388698578,6.260024292714661e-06
60650,0.05315156280994415,-0.07070643454790115
60700,-0.0021103518083691597,-0.10000000149011612
60750,-0.07301729172468185,-0.07071461528539658
60800,-0.08259369432926178,-5.34057608092553e-06
60850,-0.04867434501647949,0.0707070603966713
60900,0.00983180571347475,0.10000000149011612
60950,0.0589381605386734,0.07071398943662643
61000,0.07461149245500565,4.466376140044304e-06
61050,0.05889519676566124,-0.07070339471101761
61100,-0.001992542063817382,-0.10000000149011612
61150,-0.06274281442165375,-0.07071764767169952
61200,-0.08832883834838867,-9.632110959501006e-06
61250,-0.05030706897377968,0.07070402801036835
61300,0.011898360215127468,0.10000000149011612
61350,0.05037868767976761,0.07071701437234879
61400,0.08451756089925766,8.745504601392895e-06
61450,0.05732087045907974,-0.07070468366146088
61500,0.0029162615537643433,-0.10000001639127731
61550,-0.07074587047100067,-0.07071636617183685
61600,-0.08867769688367844,-7.82012921263231e-06
61650,-0.05024130642414093,0.07070530951023102
61700,0.015717433765530586,0.10000000149011612
61750,0.06555791199207306,0.07071574777364731
61800,0.07131153345108032,6.932444648555247e-06
61850,0.04658161848783493,-0.07070594280958176
61900,0.0054951319471001625,-0.09999999403953552
61950,-0.06094105541706085,-0.07071508467197418
62000,-0.07933704555034637,-6.008148375258315e-06
62050,-0.06289196014404297,0.07070659101009369
62100,0.009540625847876072,0.10000000149011612
62150,0.05309661850333214,0.07071445137262344
62200,0.09129240363836288,5.115672138344962e-06
62250,0.05774245411157608,-0.07070724666118622
62300,-0.004583262838423252,-0.10000000149011612
62350,-0.06910461187362671,-0.07071380317211151
62400,-0.08980965614318848,-1.029968279908644e-05
62450,-0.04743729159235954,0.07070355862379074
62500,0.01176934689283371,0.10000000149011612
62550,0.06165992468595505,0.07071749866008759
62600,0.0763135775923729,9.421730283065699e-06
62650,0.049763552844524384,-0.07070419192314148
62700,0.0033737458288669586,-0.10000000149011612
62750,-0.06536471843719482,-0.07071684300899506
62800,-0.07950485497713089,-8.487701961712446e-06
62850,-0.06421723961830139,0.07070484012365341
62900,0.013895245268940926,0.09999999403953552
62950,0.05536734685301781,0.07071620225906372
63000,0.09332393109798431,7.608646683365805e-06
63050,0.05540154501795769,-0.07070549577474594
63100,-0.012974287383258343,-0.10000000149011612
63150,-0.06987742334604263,-0.07071556150913239
63200,-0.07733365148305893,-6.67572021484375e-06
63250,-0.04820072650909424,0.07070612162351608
63300,0.007197223138064146,0.10000000149011612
63350,0.05543532222509384,0.07071493566036224
63400,0.08414877951145172,5.791851435787976e-06
63450,0.05574167147278786,-0.07070675492286682
63500,-0.0007065971149131656,-0.10000000149011612
63550,-0.07443461567163467,-0.07071428000926971
63600,-0.07972904294729233,-4.863738922722405e-06
63650,-0.05682053416967392,0.07070740312337875
63700,0.017605099827051163,0.10000000149011612
63750,0.057483356446027756,0.070717953145504
63800,0.08124735951423645,1.0094189747178461e-05
63850,0.05263274535536766,-0.07070373743772507
63900,-6.386831955751404e-05,-0.10000000149011612
63950,-0.07428362965583801,-0.07071731239557266
64000,-0.0814710184931755,-9.15527380129788e-06
64050,-0.049991950392723083,0.07070436328649521
64100,0.02195553667843342,0.10000000149011612
64150,0.04872042313218117,0.07071668654680252
64200,0.07829349488019943,8.257983608928043e-06
64250,0.048153288662433624,-0.07070500403642654
64300,0.010854008607566357,-0.09999999403953552
64350,-0.06522298604249954,-0.07071603089570999
64400,-0.08460406959056854,-7.3432925091765355e-06
64450,-0.06216410547494888,0.07070564478635788
64500,0.007690960541367531,0.10000000149011612
64550,0.06788134574890137,0.07071539759635925
64600,0.09338930249214172,6.464264970418299e-06
64650,0.044742830097675323,-0.07070629298686981
64700,-0.013798356056213379,-0.10000000149011612
64750,-0.06949671357870102,-0.07071474939584732
64800,-0.06728345155715942,-5.53131121705519e-06
64850,-0.0569220632314682,0.07070692628622055
64900,0.011036439798772335,0.10000000149011612
64950,0.047602977603673935,0.07071412354707718
65000,0.09343498945236206,1.0766658306238241e-05
65050,0.054440226405858994,-0.07070326060056686
65100,-0.005274462513625622,-0.10000000149011612
65150,-0.06994683295488358,-0.07071778178215027
65200,-0.08158586919307709,-9.822845640883315e-06
65250,-0.047879595309495926,0.070703886449337
65300,0.007549968082457781,0.09999999403953552
65350,0.06005234271287918,0.07071717828512192
65400,0.0837164968252182,8.934202014643233e-06
65450,0.04682541638612747,-0.07070454210042953
65500,-0.006544969510287046,-0.10000000149011612
65550,-0.06590641289949417,-0.0707165002822876
65600,-0.07477989047765732,-8.010864803509321e-06
65650,-0.04332199692726135,0.07070516794919968
65700,0.0104135200381279,0.10000000149011612
65750,0.04368174076080322,0.07071587443351746
65800,0.08475853502750397,7.136687145248288e-06
65850,0.06150441616773605,-0.0707058236002922
65900,-0.015598556026816368,-0.10000000149011612
65950,-0.06642638891935349,-0.07071521878242493
66000,-0.08238421380519867,-6.198883056640625e-06
66050,-0.03724201023578644,0.07070644944906235
66100,0.0027424900326877832,0.10000000149011612
66150,0.05940680950880051,0.07071459293365479
66200,0.07862355560064316,5.3236831263347995e-06
66250,0.05552395433187485,-0.07070710510015488
66300,-0.003358255373314023,-0.10000000149011612
66350,-0.0698319599032402,-0.07071393728256226
66400,-0.07288982719182968,-4.38690176451928e-06
66450,-0.052427489310503006,0.07070773094892502
66500,-0.0004269226046744734,0.10000000149011612
66550,0.05728675797581673,0.07071330398321152
66600,0.08456574380397797,3.5069676869170507e-06
66650,0.06618290394544601,-0.07070838660001755
66700,-0.014375856146216393,-0.10000000149011612
66750,-0.06765427440404892,-0.07071265578269958
66800,-0.08551470190286636,-2.57492069977161e-06
66850,-0.04231021925806999,0.07070901244878769
66900,0.003970202058553696,0.09999999403953552
66950,0.06812137365341187,0.07071202993392944
67000,0.08256112784147263,1.390930719935568e-05
67050,0.04340284317731857,-0.07070103287696838
67100,-0.007540286518633366,-0.10000000149011612
67150,-0.058542292565107346,-0.07072000950574875
67200,-0.07642161846160889,-1.296997106692288e-05
67250,-0.05253807455301285,0.07070166617631912
67300,-0.006218076217919588,0.10000000149011612
67350,0.06382764130830765,0.07071938365697861
67400,0.09026648849248886,1.2076740858901758e-05
67450,0.06345375627279282,-0.07070231437683105
67500,-0.023401319980621338,-0.10000000149011612
67550,-0.06961430609226227,-0.07071872800588608
67600,-0.0709630623459816,-1.1157989320054185e-05
67650,-0.04005439952015877,0.0707029476761818
67700,-0.00512529443949461,0.10000000149011612
67750,0.050021130591630936,0.07071810960769653
67800,0.09122556447982788,1.0279118214384653e-05
67850,0.06372261792421341,-0.07070360332727432
67900,-0.012914581224322319,-0.10000000149011612
67950,-0.06591267883777618,-0.07071744650602341
68000,-0.0861276313662529,-9.34600848268019e-06
68050,-0.042555682361125946,0.07070422917604446
68100,-0.005016774870455265,0.10000000149011612
68150,0.06518843024969101,0.07071679830551147
68200,0.08047156780958176,8.462231562589295e-06
68250,0.06209973990917206,-0.0707048773765564
68300,-0.012970265932381153,-0.09999999403953552
68350,-0.07098601758480072,-0.07071616500616074
68400,-0.07824838906526566,-7.534027190558845e-06
68450,-0.04684179276227951,0.07070551067590714
68500,0.011640237644314766,0.10000000149011612
68550,0.061402007937431335,0.0707155391573906
68600,0.07503090053796768,6.649180704698665e-06
68650,0.04834755137562752,-0.07070616632699966
68700,-0.012093249708414078,-0.10000000149011612
68750,-0.0500924177467823,-0.07071488350629807
68800,-0.08564414083957672,-5.7220458984375e-06
68850,-0.05340296030044556,0.0707067921757698
68900,-0.0035146495793014765,0.10000000149011612
68950,0.07854769378900528,0.07071425020694733
69000,0.08659222722053528,4.832419108424801e-06
69050,0.04859926551580429,-0.07070743292570114
69100,-0.022998563945293427,-0.10000000149011612
69150,-0.06285896897315979,-0.0707136020064354
69200,-0.06680687516927719,-3.910064606316155e-06
69250,-0.047763798385858536,0.07070807367563248
69300,-0.0039047193713486195,0.10000000149011612
69350,0.06311783194541931,0.07071297615766525
69400,0.08325684070587158,3.0350449833349558e-06
69450,0.05689448118209839,-0.0707087442278862
69500,-0.018881913274526596,-0.10000000149011612
69550,-0.058682143688201904,-0.07071232050657272
69600,-0.0715649276971817,-1.430511474609375e-05
69650,-0.04639645665884018,0.07070072740316391
69700,-0.005135362036526203,0.10000000149011612
69750,0.06551574915647507,0.07072031497955322
69800,0.08716657757759094,1.3421738003671635e-05
69850,0.045007333159446716,-0.07070137560367584
69900,-0.01704213209450245,-0.10000000149011612
69950,-0.05556606873869896,-0.07071967422962189
70000,-0.0696602463722229,-1.2493133908719756e-05
70050,-0.04291119426488876,0.07070200145244598
70100,-0.007665800862014294,0.10000000149011612
70150,0.0630180612206459,0.07071904093027115
70200,0.07797820121049881,1.1604742212512065e-05
70250,0.0599026083946228,-0.07070266455411911
70300,-0.019050875678658485,-0.10000000149011612
70350,-0.06476998329162598,-0.07071839272975922
70400,-0.08205972611904144,-1.068115216185106e-05
70450,-0.04424332454800606,0.07070329040288925
70500,0.007134425453841686,0.10000000149011612
70550,0.059248048812150955,0.07071774452924728
70600,0.08446420729160309,9.787809176486917e-06
70650,0.05074010416865349,-0.07070392370223999
70700,-0.01405140571296215,-0.10000000149011612
70750,-0.05968351662158966,-0.07071711122989655
70800,-0.07331012934446335,-8.869171324477065e-06
70850,-0.04072209820151329,0.07070456445217133
70900,-0.011109151877462864,0.10000000149011612
70950,0.06200716271996498,0.0707164779305458
71000,0.07860103994607925,7.974712389113847e-06
71050,0.058297742158174515,-0.07070522755384445
71100,-0.007474071811884642,-0.10000000149011612
71150,-0.058585427701473236,-0.07071582973003387
71200,-0.08000358939170837,-7.05719003235572e-06
71250,-0.05835426598787308,0.070705845952034
71300,0.00778132863342762,0.10000000149011612
71350,0.07350267469882965,0.07071518898010254
71400,0.08108706772327423,6.157904408610193e-06
71450,0.04543263465166092,-0.07070650160312653
71500,-0.027200302109122276,-0.10000000149011612
71550,-0.05054231733083725,-0.0707145482301712
71600,-0.0742609053850174,-5.245208740234375e-06
71650,-0.0447024330496788,0.07070712745189667
71700,-0.010519362054765224,0.10000000149011612
71750,0.06743111461400986,0.07071391493082047
71800,0.0875876173377037,4.360484581411583e-06
71850,0.05641733482480049,-0.07070779800415039
71900,-0.014507211744785309,-0.10000000149011612
71950,-0.07356787472963333,-0.07071326673030853
72000,-0.06724044680595398,-3.4332276754867053e-06
72050,-0.044318705797195435,0.07070840895175934
72100,0.0001376394066028297,0.10000000149011612
72150,0.05757366865873337,0.0707126259803772
72200,0.08110242336988449,2.547576286815456e-06
72250,0.05805324763059616,-0.07070042937994003
72300,-0.017014263197779655,-0.10000000149011612
72350,-0.060089360922575,-0.0707206130027771
72400,-0.07880256325006485,-1.3828277587890625e-05
72450,-0.04142884910106659,0.07070105522871017
72500,-0.0034759128466248512,0.10000000149011612
72550,0.06253477185964584,0.07071997970342636
72600,0.0852167159318924,1.2930399861943442e-05
72650,0.050534795969724655,-0.0707017183303833
72700,-0.014888118952512741,-0.10000000149011612
72750,-0.06495281308889389,-0.07071933150291443
72800,-0.07165951281785965,-1.201629675051663e-05
72850,-0.04685851186513901,0.07070233672857285
72900,0.0021745222620666027,0.10000000149011612
72950,0.06683702766895294,0.07071869820356369
73000,0.07697378098964691,1.113274811359588e-05
73050,0.044078197330236435,-0.07070299237966537
73100,-0.0129622183740139,-0.10000000149011612
73150,-0.051399100571870804,-0.07071805000305176
73200,-0.07044729590415955,-1.0204315003647935e-05
73250,-0.054123345762491226,0.07070361822843552
73300,-0.00866586435586214,0.10000000149011612
73350,0.06252080202102661,0.07071741670370102
73400,0.09901724010705948,9.300278179580346e-06
73450,0.05195322632789612,-0.07070427387952805
73500,-0.02249053120613098,-0.10000000149011612
73550,-0.06363578885793686,-0.07071676850318909
73600,-0.07016526162624359,-8.39233416627394e-06
73650,-0.04754270985722542,0.07070489972829819
73700,-0.004648503847420216,0.10000000149011612
73750,0.062377460300922394,0.07071613520383835
73800,0.079779252409935,7.502750122512225e-06
73850,0.054726652801036835,-0.07070556282997131
73900,-0.006776382680982351,-0.10000000149011612
73950,-0.06599907577037811,-0.07071548700332642
74000,-0.07233849912881851,-6.580352874152595e-06
74050,-0.057808101177215576,0.07070618122816086
74100,0.007695320062339306,0.10000000149011612
74150,0.06383926421403885,0.07071486115455627
74200,0.08529524505138397,5.685958058165852e-06
74250,0.05377981439232826,-0.07070682942867279
74300,-0.022994810715317726,-0.10000000149011612
74350,-0.0619090311229229,-0.07071420550346375
74400,-0.07172425836324692,-4.76837158203125e-06
74450,-0.04034252464771271,0.07070746272802353
74500,-0.002459876239299774,0.10000000149011612
74550,0.061250459402799606,0.070713572204113
74600,0.07803472876548767,3.873003151966259e-06
74650,0.058773189783096313,-0.07070812582969666
74700,-0.008662720210850239,-0.10000000149011612
74750,-0.07676061242818832,-0.07071292400360107
74800,-0.0724608302116394,-2.9563905172835803e-06
74850,-0.048033758997917175,0.07070011645555496
74900,0.007091554347425699,0.10000000149011612
74950,0.06025981903076172,0.07072091847658157
75000,0.07727061212062836,1.429851727152709e-05
75050,0.05371532589197159,-0.0707007497549057
75100,-0.007936542853713036,-0.10000000149011612
75150,-0.05609612539410591,-0.07072027772665024
75200,-0.0807577446103096,-1.33514404296875e-05
75250,-0.05871537700295448,0.07070139795541763
75300,0.004358150064945221,0.09999999403953552
75350,0.06766659021377563,0.0707196518778801
75400,0.08716665953397751,1.2481492376537062e-05
75450,0.04566710814833641,-0.07070204615592957
75500,-0.0077939885668456554,-0.10000000149011612
75550,-0.05740279331803322,-0.07071899622678757
75600,-0.07928451895713806,-1.1539459592313506e-05
75650,-0.06259510666131973,0.0707026794552803
75700,0.005730457603931427,0.09999999403953552
75750,0.07477857917547226,0.07071837037801743
75800,0.08822531998157501,1.0645204383763485e-05
75850,0.0405346155166626,-0.07070332020521164
75900,-0.022001655772328377,-0.09999999403953552
75950,-0.052623823285102844,-0.0707177147269249
76000,-0.06328650563955307,-9.72747784544481e-06
76050,-0.05573967844247818,0.07070396095514297
76100,-0.006675789598375559,0.10000000149011612
76150,0.051445432007312775,0.07071708887815475
76200,0.10228586196899414,8.8283040895476e-06
76250,0.055231478065252304,-0.0707046240568161
76300,-0.01509777456521988,-0.10000000149011612
76350,-0.06805261224508286,-0.07071643322706223
76400,-0.0763968825340271,-7.915497008070815e-06
76450,-0.050683166831731796,0.07070524245500565
76500,0.0024675088934600353,0.10000000149011612
76550,0.06446439027786255,0.07071580737829208
76600,0.08103983104228973,7.015239589236444e-06
76650,0.05003680661320686,-0.07070588320493698
76700,-0.0053551290184259415,-0.10000000149011612
76750,-0.05736984312534332,-0.07071515172719955
76800,-0.0764673724770546,-6.10351571594947e-06
76850,-0.06553635001182556,0.07070652395486832
76900,0.009479804895818233,0.09999999403953552
76950,0.06322629004716873,0.0707145407795906
77000,0.0893959179520607,5.198464350542054e-06
77050,0.048426613211631775,-0.07070718705654144
77100,-0.013632171787321568,-0.10000000149011612
77150,-0.060181424021720886,-0.07071387022733688
77200,-0.07756887376308441,-4.291534423828125e-06
77250,-0.05860930308699608,0.07070780545473099
77300,0.00908085610717535,0.10000000149011612
77350,0.06868013739585876,0.07071324437856674
77400,0.0828683152794838,3.4241782032040646e-06
77450,0.039873477071523666,-0.07070844620466232
77500,-0.00029463294777087867,-0.10000000149011612
77550,-0.060528866946697235,-0.07072122395038605
77600,-0.07285214215517044,-1.4686585018353071e-05
77650,-0.06799111515283585,0.07070045173168182
77700,0.003974799066781998,0.09999999403953552
77750,0.06538103520870209,0.0707205981016159
77800,0.09365642070770264,1.3807172763335984e-05
77850,0.05083014816045761,-0.07070110738277435
77900,-0.015712296590209007,-0.10000000149011612
77950,-0.06468072533607483,-0.07071994245052338
78000,-0.07628516852855682,-1.2874603271484375e-05
78050,-0.052642084658145905,0.0707017332315445
78100,0.009830807335674763,0.10000000149011612
78150,0.06362894922494888,0.07071930915117264
78200,0.08397050946950912,1.1993936823273543e-05
78250,0.03445989638566971,-0.07070238888263702
78300,-0.0005077382083982229,-0.10000000149011612
78350,-0.05335674062371254,-0.0707186609506607
78400,-0.07463481277227402,-1.106262243411038e-05
78450,-0.06723982840776443,0.07070301473140717
78500,-0.00039965397445484996,0.10000000149011612
78550,0.07000615447759628,0.07071802765130997
78600,0.09344958513975143,1.0176990144827869e-05
78650,0.045105960220098495,-0.07070367783308029
78700,-0.01371914241462946,-0.10000000149011612
78750,-0.0502360537648201,-0.07071737945079803
78800,-0.07941437512636185,-9.250640687241685e-06
78850,-0.06161171570420265,0.07070429623126984
78900,0.009607477113604546,0.10000000149011612
78950,0.05425145849585533,0.0707167461514473
79000,0.09171653538942337,8.340781278093345e-06
79050,0.04495059326291084,-0.07070495188236237
79100,-0.0053493124432861805,-0.10000000149011612
79150,-0.05171307176351547,-0.07071609795093536
79200,-0.08406791090965271,-7.43865984986769e-06
79250,-0.06349963694810867,0.07070557773113251
79300,0.006197115872055292,0.09999999403953552
79350,0.07142648100852966,0.07071547955274582
79400,0.08496437966823578,6.566385764017468e-06
79450,0.03642589598894119,-0.07070623338222504
79500,-0.006362965330481529,-0.10000000149011612
79550,-0.041724927723407745,-0.07071481645107269
79600,-0.08025304228067398,-5.626678557746345e-06
79650,-0.07730943709611893,0.07070685923099518
79700,0.011922500096261501,0.10000000149011612
79750,0.07084041088819504,0.07071418315172195
79800,0.08697165548801422,4.74962689622771e-06
79850,0.041018296033144,-0.07070751488208771
79900,-0.015560970641672611,-0.10000000149011612
79950,-0.036683764308691025,-0.07071353495121002
80000,-0.08414453268051147,-3.814697265625e-06
80050,-0.07324960082769394,0.07070814073085785
80100,0.002540064277127385,0.10000000149011612
80150,0.08295653015375137,0.07072152942419052
80200,0.09234514832496643,1.5152213563851546e-05
80250,0.030553273856639862,-0.07070018351078033
80300,-0.014606999233365059,-0.10000000149011612
80350,-0.0507720448076725,-0.07072088122367859
80400,-0.06549787521362305,-1.4209747860149946e-05
80450,-0.06122005730867386,0.07070078700780869
80500,0.0015114080160856247,0.10000000149011612
80550,0.05924263969063759,0.07072024792432785
80600,0.08605983108282089,1.3319603567651939e-05
80650,0.04974496364593506,-0.07070144265890121
80700,-0.008049212396144867,-0.10000000149011612
80750,-0.057722728699445724,-0.07071959972381592
80800,-0.08420231938362122,-1.239776611328125e-05
80850,-0.056609880179166794,0.07070206850767136
80900,0.015231569297611713,0.10000000149011612
80950,0.07286038994789124,0.07071898132562637
81000,0.07912956178188324,1.1521939086378552e-05
81050,0.024376168847084045,-0.07070270925760269
81100,0.0031348776537925005,-0.10000000149011612
81150,-0.047221750020980835,-0.07071831822395325
81200,-0.08411264419555664,-1.0585785275907256e-05
81250,-0.05846390873193741,0.07070335000753403
81300,0.009533231146633625,0.10000000149011612
81350,0.06806288659572601,0.07071768492460251
81400,0.0786605179309845,9.689456419437192e-06
81450,0.04412536323070526,-0.07070400565862656
81500,-0.0034461398608982563,-0.10000000149011612
81550,-0.05441911518573761,-0.07071704417467117
81600,-0.09037993103265762,-8.77380352903856e-06
81650,-0.0542663149535656,0.0707046315073967
81700,0.021593905985355377,0.10000000149011612
81750,0.059422075748443604,0.07071641832590103
81800,0.07645604014396667,7.891914719948545e-06
81850,0.04299849644303322,-0.07070529460906982
81900,-0.00022952478320803493,-0.10000000149011612
81950,-0.04848276823759079,-0.0707157552242279
82000,-0.092572420835495,-6.961822691664565e-06
82050,-0.05725936219096184,0.07070591300725937
82100,0.0068908995017409325,0.10000000149011612
82150,0.06613678485155106,0.07071512937545776
82200,0.08070148527622223,6.075110377423698e-06
82250,0.0488884299993515,-0.0707065612077713
82300,-0.007556296419352293,-0.09999999403953552
82350,-0.05593055859208107,-0.07071448117494583
82400,-0.0812375470995903,-5.14984139954322e-06
82450,-0.06045065447688103,0.07070719450712204
82500,0.018345635384321213,0.10000000149011612
82550,0.06239021196961403,0.07071385532617569
82600,0.07820093631744385,4.26214273829828e-06
82650,0.04673222079873085,-0.07070785760879517
82700,-0.0071786087937653065,-0.10000000149011612
82750,-0.05230908840894699,-0.0707218274474144
82800,-0.08626502007246017,-1.5544892448815517e-05
82850,-0.05608423054218292,0.07069984078407288
82900,0.0038964147679507732,0.09999999403953552
82950,0.06490305811166763,0.07072118669748306
83000,0.08681847155094147,1.466463345423108e-05
83050,0.051238615065813065,-0.070700503885746
83100,-0.005792614538222551,-0.09999999403953552
83150,-0.06581410765647888,-0.07072054594755173
83200,-0.0804758071899414,-1.3732910701946821e-05
83250,-0.04616382345557213,0.07070112228393555
83300,0.011988872662186623,0.09999999403953552
83350,0.059647057205438614,0.07071992009878159
83400,0.06365000456571579,1.2847594916820526e-05
83450,0.05860080197453499,-0.07070179283618927
83500,0.005531936883926392,-0.10000000149011612
83550,-0.05735142156481743,-0.07071926444768906
83600,-0.0965879037976265,-1.1920928955078125e-05
83650,-0.0562703013420105,0.07070240378379822
83700,0.014991062693297863,0.10000000149011612
83750,0.07141312956809998,0.07071863859891891
83800,0.07602567970752716,1.1034391718567349e-05
83850,0.03813468664884567,-0.07070305198431015
83900,-0.0006694459007121623,-0.10000000149011612
83950,-0.05170312151312828,-0.07071798294782639
84000,-0.08902547508478165,-1.010894811770413e-05
84050,-0.055721525102853775,0.07070368528366089
84100,0.0063522858545184135,0.10000000149011612
84150,0.0734638124704361,0.07071735709905624
84200,0.07156147807836533,9.21747869142564e-06
84250,0.05333305522799492,-0.07070435583591461
84300,-0.00302820629440248,-0.10000000149011612
84350,-0.05714929848909378,-0.07071670144796371
84400,-0.08918255567550659,-8.296966370835435e-06
84450,-0.060198649764060974,0.07070496678352356
84500,0.011405939236283302,0.09999999403953552
84550,0.07042577862739563,0.07071607559919357
84600,0.07926955819129944,7.400627509923652e-06
84650,0.04268643632531166,-0.07070561498403549
84700,-0.008016413077712059,-0.10000000149011612
84750,-0.048824187368154526,-0.07071541994810104
84800,-0.08595173805952072,-6.48498553346144e-06
84850,-0.04337172210216522,0.07070624828338623
84900,-0.00063461740501225,0.09999999403953552
84950,0.06273327767848969,0.0707148090004921
85000,0.07131394743919373,5.587613031821093e-06
85050,0.05876632034778595,-0.07070691883563995
85100,-0.0018822881393134594,-0.10000000149011612
85150,-0.06329440325498581,-0.07071413844823837
85200,-0.08807244151830673,-4.673004241340095e-06
85250,-0.05777597427368164,0.0707075297832489
85300,0.015751460567116737,0.10000000149011612
85350,0.06321658939123154,0.07072212547063828
85400,0.07836038619279861,1.599037022970151e-05
85450,0.05242157727479935,-0.07069955766201019
85500,-0.01442863792181015,-0.10000000149011612
85550,-0.04974493756890297,-0.07072149217128754
85600,-0.08511356264352798,-1.506805438111769e-05
85650,-0.05047088488936424,0.07070018351078033
85700,-0.0008069884497672319,0.09999999403953552
85750,0.06411761790513992,0.0707208663225174
85800,0.08132010698318481,1.4173284398566466e-05
85850,0.05293797701597214,-0.07070083171129227
85900,-0.0013448819518089294,-0.09999999403953552
85950,-0.06431154906749725,-0.07072021067142487
86000,-0.0842282772064209,-1.3256073543743696e-05
86050,-0.05299932882189751,0.070701465010643
86100,0.015026201494038105,0.10000000149011612
86150,0.06867989897727966,0.07071957737207413
86200,0.06636358052492142,1.2360034816083498e-05
86250,0.05160224437713623,-0.07070212066173553
86300,-0.001988399541005492,-0.10000000149011612
86350,-0.05400165170431137,-0.0707189291715622
86400,-0.0925513282418251,-1.1444091796875e-05
86450,-0.05291731655597687,0.07070274651050568
86500,0.0022758073173463345,0.10000000149011612
86550,0.07142046093940735,0.07071829587221146
86600,0.08352755755186081,1.05430763142067e-05
86650,0.044407136738300323,-0.07070339471101761
86700,-0.009260335937142372,-0.10000000149011612
86750,-0.05771714821457863,-0.07071764767169952
86800,-0.0797300860285759,-9.632110959501006e-06
86850,-0.05462408438324928,0.07070402801036835
86900,0.0060462928377091885,0.10000000149011612
86950,0.06481380760669708,0.07071701437234879
87000,0.07529307901859283,8.745504601392895e-06
87050,0.05209307000041008,-0.07070468366146088
87100,-0.005431955214589834,-0.10000001639127731
87150,-0.0511179156601429,-0.07071636617183685
87200,-0.08217479288578033,-7.82012921263231e-06
87250,-0.057952094823122025,0.07070530951023102
87300,0.0008983190637081861,0.10000000149011612
87350,0.06473231315612793,0.07071574777364731
87400,0.08705964684486389,6.932444648555247e-06
87450,0.05208966135978699,-0.07070594280958176
87500,-0.009509497322142124,-0.09999999403953552
87550,-0.05800632759928703,-0.07071508467197418
87600,-0.09023074805736542,-6.008148375258315e-06
87650,-0.043453365564346313,0.07070659101009369
87700,0.007540951017290354,0.10000000149011612
87750,0.0645342618227005,0.07071445137262344
87800,0.06684517860412598,5.115672138344962e-06
87850,0.05269934609532356,-0.07070724666118622
87900,0.0036725052632391453,-0.10000000149011612
87950,-0.05389314889907837,-0.07071380317211151
88000,-0.09222283214330673,-1.640319896978326e-05
88050,-0.06719326227903366,0.07069923728704453
88100,0.015702523291110992,0.09999999403953552
88150,0.07189332693815231,0.07072179764509201
88200,0.08196385949850082,1.5518335203523748e-05
88250,0.04134950414299965,-0.07069989293813705
88300,-0.010401004925370216,-0.09999999403953552
88350,-0.05101606622338295,-0.07072114944458008
88400,-0.0805024579167366,-1.4591217222914565e-05
88450,-0.053382452577352524,0.0707005187869072
88500,0.00229022279381752,0.10000000149011612
88550,0.07287618517875671,0.07072053849697113
88600,0.07608861476182938,1.3685712474398315e-05
88650,0.04939727485179901,-0.07070117443799973
88700,-0.004964097868651152,-0.10000000149011612
88750,-0.05828667804598808,-0.070719875395298
88800,-0.0849970355629921,-1.2779236385540571e-05
88850,-0.060887254774570465,0.07070180028676987
88900,0.010968143120408058,0.10000000149011612
88950,0.06479527056217194,0.07071924954652786
89000,0.08050962537527084,1.18880334412097e-05
89050,0.05509091168642044,-0.0707024410367012
89100,-0.01005296129733324,-0.10000000149011612
89150,-0.05784904956817627,-0.07071859389543533
89200,-0.08198896050453186,-1.0967254638671875e-05
89250,-0.04198231175541878,0.07070308178663254
89300,-0.0032180119305849075,0.10000000149011612
89350,0.05796465650200844,0.070717953145504
89400,0.07802025973796844,1.0094189747178461e-05
89450,0.0536903478205204,-0.07070373743772507
89500,-0.0010698530822992325,-0.10000000149011612
89550,-0.05191122367978096,-0.07071731239557266
89600,-0.09054500609636307,-9.15527380129788e-06
89650,-0.05923709645867348,0.07070436328649521
89700,0.010454362258315086,0.10000000149011612
89750,0.07444797456264496,0.07071668654680252
89800,0.07296053320169449,8.257983608928043e-06
89850,0.04923967644572258,-0.07070500403642654
89900,-0.012475509196519852,-0.09999999403953552
89950,-0.049838703125715256,-0.07071603089570999
90000,-0.08433592319488525,-7.3432925091765355e-06
90050,-0.053453244268894196,0.07070564478635788
90100,0.006907283328473568,0.10000000149011612
90150,0.06145273521542549,0.07071539759635925
90200,0.07343444228172302,6.464264970418299e-06
90250,0.05554712563753128,-0.07070629298686981
90300,0.0023217422422021627,-0.10000000149011612
90350,-0.05927537754178047,-0.07071474939584732
90400,-0.0954761728644371,-5.53131121705519e-06
90450,-0.054188091307878494,0.07070692628622055
90500,0.011911728419363499,0.10000000149011612
90550,0.07648012042045593,0.07071412354707718
90600,0.06635690480470657,1.686719224380795e-05
90650,0.04947666823863983,-0.07069893926382065
90700,-0.007774018216878176,-0.09999999403953552
90750,-0.04841664433479309,-0.07072209566831589
90800,-0.08929233253002167,-1.5926361811580136e-05
90850,-0.0548594705760479,0.07069957256317139
90900,0.00632500508800149,0.09999999403953552
90950,0.07065598666667938,0.07072147727012634
91000,0.07987939566373825,1.5030750546429772e-05
91050,0.04514346644282341,-0.07070023566484451
91100,-0.008368651382625103,-0.10000000149011612
91150,-0.05774477869272232,-0.07072081416845322
91200,-0.08311957120895386,-1.411438006471144e-05
91250,-0.05106953904032707,0.07070085406303406
91300,0.005274595692753792,0.10000000149011612
91350,0.07188578695058823,0.07072018831968307
91400,0.06927008181810379,1.323679771303432e-05
91450,0.051842767745256424,-0.07070150226354599
91500,-0.0014954470098018646,-0.10000000149011612
91550,-0.06182946264743805,-0.07071953266859055
91600,-0.08381953090429306,-1.2302399227337446e-05
91650,-0.055246442556381226,0.07070213556289673
91700,0.007943503558635712,0.10000000149011612
91750,0.05460341274738312,0.0707189217209816
91800,0.08463526517152786,1.1419809197832365e-05
91850,0.06199605017900467,-0.07070278376340866
91900,-0.009455547668039799,-0.10000000149011612
91950,-0.06492824107408524,-0.07071825116872787
92000,-0.0921555832028389,-1.049041748046875e-05
92050,-0.03763324022293091,0.0707034170627594
92100,0.010947045870125294,0.10000000149011612
92150,0.062537781894207,0.07071762531995773
92200,0.06535227596759796,9.606656021787785e-06
92250,0.050832245498895645,-0.07070406526327133
92300,0.009531053714454174,-0.10000000149011612
92350,-0.054898303002119064,-0.0707169696688652
92400,-0.09079278260469437,-8.678436643094756e-06
92450,-0.06494802236557007,0.07070469856262207
92500,0.01298897247761488,0.10000000149011612
92550,0.07320686429738998,0.07071635872125626
92600,0.07504592090845108,7.789792107359972e-06
92650,0.05238226801156998,-0.070705346763134
92700,-0.01338963583111763,-0.10000000149011612
92750,-0.05470718443393707,-0.07071568816900253
92800,-0.08777311444282532,-6.8664553509734105e-06
92850,-0.047929685562849045,0.07070598006248474
92900,0.009735197760164738,0.10000000149011612
92950,0.0626477599143982,0.0707150548696518
93000,0.07970120012760162,5.976764896331588e-06
93050,0.051206644624471664,-0.07070662826299667
93100,-0.0038876549806445837,-0.10000000149011612
93150,-0.05991445854306221,-0.07071440666913986
93200,-0.08705412596464157,-5.054474058852065e-06
93250,-0.04922393709421158,0.07069863379001617
93300,0.004343146923929453,0.09999999403953552
93350,0.06654319912195206,0.07072241604328156
93400,0.07358244061470032,1.635649641684722e-05
93450,0.058489564806222916,-0.0706992894411087
93500,-0.010617024265229702,-0.10000000149011612
93550,-0.06324877589941025,-0.07072176039218903
93600,-0.08174668997526169,-1.544952465337701e-05
93650,-0.045655880123376846,0.07069991528987885
93700,0.005631317384541035,0.10000000149011612
93750,0.05613727867603302,0.07072113454341888
93800,0.07740027457475662,1.456249719922198e-05
93850,0.057283222675323486,-0.07070056349039078
93900,-0.00252327392809093,-0.10000000149011612
93950,-0.060656629502773285,-0.07072047889232635
94000,-0.0951714888215065,-1.3637542906508315e-05
94050,-0.05159124359488487,0.07070119678974152
94100,0.011028694920241833,0.10000000149011612
94150,0.07756006717681885,0.07071986049413681
94200,0.07182248681783676,1.272613644687226e-05
94250,0.047732025384902954,-0.07070185244083405
94300,-0.006079438142478466,-0.10000000149011612
94350,-0.06209995597600937,-0.07071919739246368
94400,-0.07900286465883255,-1.1825562069134321e-05
94450,-0.052230291068553925,0.07070247828960419
94500,0.010288234800100327,0.10000000149011612
94550,0.0581616573035717,0.07071856409311295
94600,0.07656709104776382,1.0932262739515863e-05
94650,0.058200653642416,-0.07070312649011612
94700,-0.004408733453601599,-0.10000000149011612
94750,-0.05918267369270325,-0.07071791589260101
94800,-0.09596608579158783,-1.0013580322265625e-05
94850,-0.0488944910466671,0.07070375978946686
94900,0.007664959877729416,0.09999999403953552
94950,0.07621388137340546,0.07071729004383087
95000,0.07453550398349762,9.134679203270935e-06
95050,0.04169755429029465,-0.07070441544055939
95100,-0.006541596259921789,-0.10000000149011612
95150,-0.050497449934482574,-0.07071664184331894
95200,-0.0790821760892868,-8.20159948489163e-06
95250,-0.05760924145579338,0.07070504128932953
95300,-0.00022927537793293595,0.10000000149011612
95350,0.07073073834180832,0.0707160010933876
95400,0.08000455796718597,7.321604698518058e-06
95450,0.05677557364106178,-0.07070567458868027
95500,-0.01186461839824915,-0.10000000149011612
95550,-0.06061624735593796,-0.07071536034345627
95600,-0.08446822315454483,-6.3896181927702855e-06
95650,-0.0453360453248024,0.0707063227891922
95700,0.0058675892651081085,0.10000000149011612
95750,0.06022835522890091,0.07071472704410553
95800,0.08001436293125153,5.504819910129299e-06
95850,0.0544818751513958,-0.0706983432173729
95900,-0.007787648588418961,-0.10000000149011612
95950,-0.0571143701672554,-0.07072270661592484
96000,-0.08772166073322296,-1.678466833254788e-05
96050,-0.046638816595077515,0.07069896906614304
96100,-0.004773514810949564,0.10000000149011612
96150,0.06537315994501114,0.0707220658659935
96200,0.07630445063114166,1.590755709912628e-05
96250,0.06513675302267075,-0.07069962471723557
96300,-0.0059819091111421585,-0.10000000149011612
96350,-0.07138916850090027,-0.07072142511606216
96400,-0.08932799845933914,-1.4972686585679185e-05
96450,-0.047302164137363434,0.0707002505660057
96500,0.01655431091785431,0.10000000149011612
96550,0.06858403980731964,0.07072080671787262
96600,0.06784341484308243,1.4074922546569724e-05
96650,0.04793399199843407,-0.07070090621709824
96700,-0.005226828623563051,-0.10000000149011612
96750,-0.04912293702363968,-0.0707201436161995
96800,-0.08850318938493729,-1.316070574830519e-05
96850,-0.05544004961848259,0.07070153206586838
96900,-0.0027057770639657974,0.09999999403953552
96950,0.07586821168661118,0.07071949541568756
97000,0.07904234528541565,1.2277229870960582e-05
97050,0.051781024783849716,-0.07070217281579971
97100,-0.007832520641386509,-0.10000000149011612
97150,-0.06648460030555725,-0.07071886211633682
97200,-0.079346664249897,-1.1348724910931196e-05
97250,-0.051276180893182755,0.07070281356573105
97300,0.007354945410043001,0.09999999403953552
97350,0.06989175826311111,0.07071822881698608
97400,0.07256842404603958,1.046027409756789e-05
97450,0.052351582795381546,-0.07070346921682358
97500,-0.010163746774196625,-0.09999999403953552
97550,-0.0549059733748436,-0.07071758061647415
97600,-0.0855736956000328,-9.5367431640625e-06
97650,-0.048971325159072876,0.07070409506559372
97700,0.002328907372429967,0.10000000149011612
97750,0.069774329662323,0.0707169622182846
97800,0.08111285418272018,8.647154572827276e-06
97850,0.048395588994026184,-0.07070473581552505
97900,-0.011749284341931343,-0.10000000149011612
97950,-0.06121427193284035,-0.07071629911661148
98000,-0.08390680700540543,-7.724762326688506e-06
98050,-0.04518058896064758,0.07070537656545639
98100,0.0025653764605522156,0.10000000149011612
98150,0.07040885090827942,0.07071566581726074
98200,0.0712861716747284,6.830322945461376e-06
98250,0.05896352604031563,-0.07070603221654892
98300,-0.008816988207399845,-0.10000000149011612
98350,-0.058292023837566376,-0.07071501761674881
98400,-0.09803217649459839,-5.9127810345671605e-06
98450,-0.04880084469914436,0.07070665806531906
98500,0.011774109676480293,0.09999999403953552
98550,0.06944242864847183,0.07072301208972931
98600,0.08041702955961227,1.7233325706911273e-05
98650,0.05168602988123894,-0.07069867104291916
98700,-0.014525173231959343,-0.10000000149011612
98750,-0.0633382797241211,-0.07072236388921738
98800,-0.0846463143825531,-1.6307831174344756e-05
98850,-0.03667454421520233,0.0706993043422699
98900,0.0027272331062704325,0.10000000149011612
98950,0.06799229234457016,0.07072173804044724
99000,0.06419343501329422,1.5419971532537602e-05
99050,0.05922354385256767,-0.07069995254278183
99100,0.0025068658869713545,-0.10000000149011612
99150,-0.0578719861805439,-0.0707210823893547
99200,-0.0908752903342247,-1.449584942747606e-05
99250,-0.06312163174152374,0.07070058584213257
99300,0.01217598095536232,0.10000000149011612
99350,0.07812197506427765,0.07072046399116516
99400,0.07672013342380524,1.3602904800791293e-05
99450,0.04880228638648987,-0.0707012340426445
99500,-0.019332844763994217,-0.10000000149011612
99550,-0.05180618539452553,-0.07071980088949203
99600,-0.08393214643001556,-1.2683868590102065e-05
99650,-0.047787245362997055,0.07070186734199524
99700,-0.004006306640803814,0.10000000149011612
99750,0.07225920259952545,0.0707191675901413
99800,0.07643387466669083,1.1785903552663513e-05
99850,0.05579015985131264,-0.07070250064134598
99900,-0.0038329167291522026,-0.10000000149011612
99950,-0.07026143372058868,-0.07071851938962936
